crate	effect	sites	owners	files
boop	process	88	23	9
boop	fs	61	27	8
boop	clock	41	17	6
boop	env	23	16	6
boop	sqlite	22	7	3
boop	thread	18	15	5
boop	channel	6	4	3
boop	log	3	2	1
boop	signal	3	1	1
boop	net	2	1	1
boop	lock	1	1	1
boop-acp	process	52	12	3
boop-acp	jsonrpc	50	8	1
boop-acp	channel	25	14	3
boop-acp	lock	15	12	2
boop-acp	fs	8	3	1
boop-acp	thread	8	5	3
boop-acp	clock	4	3	2
boop-acp	task	3	1	1
boop-acp	env	2	2	2
boop-harness	fs	150	59	14
boop-harness	process	127	22	11
boop-harness	sqlite	59	21	5
boop-harness	http	31	8	1
boop-harness	clock	24	14	12
boop-harness	env	20	15	10
boop-harness	thread	19	11	8
boop-harness	ws	15	3	1
boop-harness	net	6	5	3
boop-harness	task	6	1	1
boop-harness	channel	5	3	2
boop-harness	lock	4	3	2
boop-mux	process	129	24	3
boop-mux	fs	56	20	4
boop-mux	tmux	39	5	1
boop-mux	lock	8	4	2
boop-mux	thread	4	1	1
boop-mux	clock	3	3	2
boop-mux	env	2	2	2
boop-proc	process	90	22	5
boop-proc	fs	43	18	5
boop-proc	env	25	17	5
boop-proc	clock	24	8	4
boop-proc	signal	4	2	1
boop-proc	thread	2	2	1
boop-proc	log	1	1	1
boop-proc	sqlite	1	1	1
boop-store	sqlite	782	178	11
boop-store	fs	82	30	5
boop-store	process	64	12	5
boop-store	clock	13	11	5
boop-store	env	11	8	4
boop-store	log	8	3	2
boop-store	thread	1	1	1
