table_name	column_name	value_bins	before_rows	after_rows	multiset_equal
agent_trace_span	attach	5	4456	4456	1
agent_session_attr	key	5	355	355	1
agent_edge	edge_kind	9	5320	5320	1
agent_fetch	kind	2	8498	8498	1
agent_turn	role	6	1306200	1306200	1
agent_touch	verb	5	137285	137285	1
agent_touch	raw_verb	10	137285	137285	1
agent_session_relation	kind	0	0	0	1
agent_session_relation	source	0	0	0	1
agent_session_observation	harness	4	91247	91247	1
agent_session_observation	source	3	91247	91247	1
model_price	source	2	34	34	1
agent_trace_event	kind	12	10000	10000	1
agent_trace_event	delivery_state	9	10000	10000	1
agent_trace_event	classification	13	10000	10000	1
agent_live	status	4	7064	7064	1
agent_live_span	status	3	11489	11489	1
agent_session	harness	5	7031	7031	1
agent_lane	harness	6	1576	1576	1
agent_delivery	harness	6	14822	14822	1
agent_delivery_transition	harness	6	350659	350659	1
sync_root_stamp	harness	4	4	4	1
