table_name	before_rows	after_rows	enum_columns	value_bins	multiset_equal
agent_trace_span	4456	4456	1	5	1
agent_session_attr	355	355	1	5	1
agent_edge	5320	5320	1	9	1
agent_fetch	8498	8498	1	2	1
agent_turn	1306200	1306200	1	6	1
agent_touch	137285	137285	2	15	1
agent_session_relation	0	0	2	0	1
agent_session_observation	91247	91247	2	7	1
model_price	34	34	1	2	1
agent_trace_event	10000	10000	3	34	1
agent_live	7064	7064	1	4	1
agent_live_span	11489	11489	1	3	1
agent_session	7031	7031	1	5	1
agent_lane	1576	1576	1	6	1
agent_delivery	14822	14822	1	6	1
agent_delivery_transition	350659	350659	1	6	1
sync_root_stamp	4	4	1	4	1
