table	old_column	dictionary	new_column
agent_trace_span	attach_id	dict_attach	attach
agent_session_attr	key_id	dict_attr_key	key
agent_edge	edge_kind_id	dict_edekind	edge_kind
agent_fetch	kind_id	dict_netkind	kind
agent_turn	role_id	dict_role	role
agent_touch	verb_id	dict_verb	verb
agent_touch	raw_verb_id	dict_verb	raw_verb
agent_session_relation	kind_id	dict_session_relation_kind	kind
agent_session_relation	source_id	dict_observation_source	source
agent_session_observation	harness_id	dict_harness	harness
agent_session_observation	source_id	dict_observation_source	source
model_price	source_id	dict_price_source	source
agent_trace_event	kind_id	dict_trace_kind	kind
agent_trace_event	delivery_state_id	dict_trace_delivery	delivery_state
agent_trace_event	classification_id	dict_trace_classification	classification
agent_live	status_id	dict_status	status
agent_live_span	status_id	dict_status	status
agent_session	harness_id	dict_harness	harness
agent_lane	harness_id	dict_harness	harness
agent_delivery	harness_id	dict_harness	harness
agent_delivery_transition	harness_id	dict_harness	harness
sync_root_stamp	harness_id	dict_harness	harness
