repo	topology	operation	file	name	at_byte	dest	dest_new	cross_package	collision_expected	allowed_files	module_parent	language	symbol_kind	check_package	timeout_seconds
hafley-rs	rust_workspace	rename	crates/ryi/src/main.rs	main	152		False	False	False	crates/ryi/src/gen/client_auto.rs;crates/ryi/src/main.rs		rust	fn	root-workspace	2097
hafley-rs	rust_workspace	rename	crates/soopy/src/_0_types.rs	new	7325		False	False	False	crates/soopy/src/_0_types.rs;crates/soopy/src/_5a_git_status.rs;crates/soopy/src/_7c_edit_producers.rs		rust	fn	root-workspace	2097
hafley-rs	rust_workspace	rename	crates/soopy/src/_0_types.rs	blake3	9827		False	False	False	crates/soopy/src/_0_types.rs;crates/soopy/src/_3a_files.rs;crates/soopy/src/_4_worktree.rs;crates/soopy/src/_7_source_tree.rs		rust	fn	root-workspace	2097
hafley-rs	rust_workspace	rename	crates/soopy/src/_0_types.rs	default	26601		False	False	False	crates/soopy/src/_0_types.rs;crates/soopy/src/_8_watch.rs		rust	fn	root-workspace	2097
hafley-rs	rust_workspace	rename	crates/soopy/src/_0a_durable_write.rs	directory	2700		False	False	False	crates/soopy/src/_0a_durable_write.rs;crates/soopy/src/_7f_commit.rs		rust	fn	root-workspace	2097
hafley-rs	rust_workspace	rename	crates/soopy/src/_0a_durable_write.rs	publish_file	3313		False	False	False	crates/soopy/src/_0a_durable_write.rs;crates/soopy/src/_7e_stage_store.rs;crates/soopy/src/_7f_commit.rs		rust	fn	root-workspace	2097
hafley-rs	rust_workspace	rename	crates/soopy/src/_0a_durable_write.rs	record_sync	5357		False	False	False	crates/soopy/src/_0a_durable_write.rs;crates/soopy/src/_7e_stage_store.rs;crates/soopy/src/_7f_commit.rs		rust	fn	root-workspace	2097
hafley-rs	rust_workspace	rename	crates/soopy/src/_0a_durable_write.rs	elapsed_millis	5689		False	False	False	crates/soopy/src/_0a_durable_write.rs;crates/soopy/src/_7d_mutation_plan.rs;crates/soopy/src/_7e_stage_store.rs;crates/soopy/src/_7f_commit.rs		rust	fn	root-workspace	2097
hafley-rs	rust_workspace	rename	crates/soopy/src/_0a_durable_write.rs	same_device	5960		False	False	False	crates/soopy/src/_0a_durable_write.rs;crates/soopy/src/_7f_commit.rs		rust	fn	root-workspace	2097
hafley-rs	rust_workspace	rename	crates/soopy/src/_0a_durable_write.rs	same_device	6234		False	False	False	crates/soopy/src/_0a_durable_write.rs;crates/soopy/src/_7f_commit.rs		rust	fn	root-workspace	2097
hafley-rs	rust_workspace	rename	crates/soopy/src/_0_types.rs	RepositoryId	2579		False	False	False	crates/soopy/src/_0_types.rs;crates/soopy/src/_7b_source_actions.rs		rust	type	root-workspace	2097
hafley-rs	rust_workspace	rename	crates/soopy/src/_0_types.rs	WorktreeId	3417		False	False	False	crates/soopy/src/_0_types.rs;crates/soopy/src/_7b_source_actions.rs		rust	type	root-workspace	2097
hafley-rs	rust_workspace	rename	crates/soopy/src/_0_types.rs	DirectoryId	3841		False	False	False	crates/soopy/src/_0_types.rs;crates/soopy/src/_2a_directory.rs;crates/soopy/src/_7b_source_actions.rs		rust	type	root-workspace	2097
hafley-rs	rust_workspace	rename	crates/soopy/src/_0_types.rs	RootPath	4063		False	False	False	crates/soopy/src/_0_types.rs;crates/soopy/src/_2a_directory.rs;crates/soopy/src/_3a_files.rs;crates/soopy/src/_7b_source_actions.rs		rust	type	root-workspace	2097
hafley-rs	rust_workspace	rename	crates/soopy/src/_0_types.rs	FileRef	4288		False	False	False	crates/soopy/src/_0_types.rs;crates/soopy/src/_3a_files.rs;crates/soopy/src/_7b_source_actions.rs		rust	type	root-workspace	2097
hafley-rs	rust_workspace	rename	crates/soopy/src/_11_refs.rs	open	1816		False	False	False	crates/soopy/src/_11_refs.rs;crates/soopy/src/_12_revision_graph.rs;crates/soopy/src/_13_fetch.rs;crates/soopy/src/_14_multi_repo_refresh.rs;crates/soopy/src/_2_repository.rs;crates/soopy/src/_2a_directory.rs;crates/soopy/src/_3a_files.rs;crates/soopy/src/_4a_git_root.rs;crates/soopy/src/_5a_git_status.rs;crates/soopy/src/_6_git_batch.rs;crates/soopy/src/_7_source_tree.rs;crates/soopy/src/_7e_stage_store.rs;crates/soopy/src/_8_watch.rs		rust	fn	root-workspace	2097
hafley-rs	rust_workspace	rename	crates/soopy/src/_11_refs.rs	repository	1901		False	False	False	crates/soopy/src/_11_refs.rs;crates/soopy/src/_8_watch.rs		rust	fn	root-workspace	2097
hafley-rs	rust_workspace	rename	crates/soopy/src/_11_refs.rs	snapshot	2138		False	False	False	crates/soopy/src/_11_refs.rs;crates/soopy/src/_3a_files.rs;crates/soopy/src/_8_watch.rs		rust	fn	root-workspace	2097
hafley-rs	rust_workspace	rename	crates/soopy/src/_11_refs.rs	diff_refs	2896		False	False	False	crates/soopy/src/_11_refs.rs;crates/soopy/src/_8_watch.rs		rust	fn	root-workspace	2097
hafley-rs	rust_workspace	rename	crates/soopy/src/_11_refs.rs	enumerate	4418		False	False	False	crates/soopy/src/_11_refs.rs;crates/soopy/src/_4_worktree.rs;crates/soopy/src/_5_git_tree.rs;crates/soopy/src/_7_source_tree.rs;crates/soopy/src/_9_git_files.rs		rust	fn	root-workspace	2097
hafley-rs	rust_workspace	rename	crates/ryi/src/gen/client_auto.rs	server_binary	643		False	False	False	crates/ryi/src/gen/client_auto.rs		rust	fn	root-workspace	2097
hafley-rs	rust_workspace	rename	crates/ryi/src/gen/client_auto.rs	start_daemon	1160		False	False	False	crates/ryi/src/gen/client_auto.rs		rust	fn	root-workspace	2097
hafley-rs	rust_workspace	rename	crates/ryi/src/gen/client_auto.rs	send	1365		False	False	False	crates/ryi/src/gen/client_auto.rs		rust	fn	root-workspace	2097
hafley-rs	rust_workspace	rename	crates/ryi/src/gen/client_auto.rs	empty_body	1758		False	False	False	crates/ryi/src/gen/client_auto.rs		rust	fn	root-workspace	2097
hafley-rs	rust_workspace	rename	crates/ryi/src/gen/client_auto.rs	append_diagnostics	1868		False	False	False	crates/ryi/src/gen/client_auto.rs		rust	fn	root-workspace	2097
hafley-rs	rust_workspace	rename	crates/ryi/src/gen/client_auto.rs	handshake	2140		False	False	False	crates/ryi/src/gen/client_auto.rs		rust	fn	root-workspace	2097
hafley-rs	rust_workspace	rename	crates/ryi/src/gen/client_auto.rs	ready_socket	2516		False	False	False	crates/ryi/src/gen/client_auto.rs		rust	fn	root-workspace	2097
hafley-rs	rust_workspace	rename	crates/ryi/src/gen/client_auto.rs	command	4120		False	False	False	crates/ryi/src/gen/client_auto.rs		rust	fn	root-workspace	2097
hafley-rs	rust_workspace	rename	crates/ryi/src/gen/client_auto.rs	run	5506		False	False	False	crates/ryi/src/gen/client_auto.rs		rust	fn	root-workspace	2097
hafley-rs	rust_workspace	rename	crates/ryi/src/gen/client_auto.rs	main	9269		False	False	False	crates/ryi/src/gen/client_auto.rs		rust	fn	root-workspace	2097
hafley-rs	rust_workspace	rename	crates/soopy/src/_0_types.rs	RefId	7201		False	False	False	crates/soopy/src/_0_types.rs		rust	type	root-workspace	2097
hafley-rs	rust_workspace	rename	crates/sprefa-extract/src/0_graph.rs	Deadline	4200		False	False	False	crates/sprefa-extract/src/0_graph.rs		rust	type	sprefa-extract	2097
hafley-rs	rust_workspace	rename	crates/sprefa-extract/src/0_graph.rs	Lines	4470		False	False	False	crates/sprefa-extract/src/0_graph.rs		rust	type	sprefa-extract	2097
hafley-rs	rust_workspace	rename	crates/sprefa-extract/src/0_graph.rs	PlaneEdge	7005		False	False	False	crates/sprefa-extract/src/0_graph.rs		rust	type	sprefa-extract	2097
hafley-rs	rust_workspace	rename	crates/sprefa-extract/src/0_graph.rs	Found	7259		False	False	False	crates/sprefa-extract/src/0_graph.rs		rust	type	sprefa-extract	2097
hafley-rs	rust_workspace	rename	crates/soopy/src/_11_refs.rs	FORMAT	1059		False	False	False	crates/soopy/src/_11_refs.rs		rust	term	root-workspace	2097
hafley-rs	rust_workspace	rename	crates/soopy/src/_11_refs.rs	FIELD_COUNT	1307		False	False	False	crates/soopy/src/_11_refs.rs		rust	term	root-workspace	2097
hafley-rs	rust_workspace	rename	crates/soopy/src/_11_refs.rs	REFNAME	1337		False	False	False	crates/soopy/src/_11_refs.rs		rust	term	root-workspace	2097
hafley-rs	rust_workspace	rename	crates/soopy/src/_11_refs.rs	OBJECTNAME	1363		False	False	False	crates/soopy/src/_11_refs.rs		rust	term	root-workspace	2097
hafley-rs	rust_workspace	rename	crates/soopy/src/_11_refs.rs	PEELED	1392		False	False	False	crates/soopy/src/_11_refs.rs		rust	term	root-workspace	2097
hafley-rs	rust_workspace	cleave	crates/sprefa-extract/src/0_graph.rs	load_store	1728	crates/sprefa-extract/src/moved_0_graph_load_store.rs	True	False	False	crates/sprefa-extract/src/0_graph.rs;crates/sprefa-extract/src/moved_0_graph_load_store.rs	crates/sprefa-extract/src/lib.rs	rust	fn	sprefa-extract	2097
hafley-rs	rust_workspace	cleave	crates/sprefa-extract/src/0_graph.rs	expired	4254	crates/sprefa-extract/src/moved_0_graph_expired.rs	True	False	False	crates/sprefa-extract/src/0_graph.rs;crates/sprefa-extract/src/moved_0_graph_expired.rs	crates/sprefa-extract/src/lib.rs	rust	fn	sprefa-extract	2097
hafley-rs	rust_workspace	cleave	crates/sprefa-extract/src/0_graph.rs	line	4575	crates/sprefa-extract/src/moved_0_graph_line.rs	True	False	False	crates/sprefa-extract/src/0_graph.rs;crates/sprefa-extract/src/bin/ryi.rs;crates/sprefa-extract/src/bin/ryi/0_sqlite.rs;crates/sprefa-extract/src/edit/7b_cleave_ts_imports.rs;crates/sprefa-extract/src/moved_0_graph_line.rs	crates/sprefa-extract/src/lib.rs	rust	fn	sprefa-extract	2097
hafley-rs	rust_workspace	cleave	crates/sprefa-extract/src/0_graph.rs	edges	5333	crates/sprefa-extract/src/moved_0_graph_edges.rs	True	False	False	crates/sprefa-extract/src/0_graph.rs;crates/sprefa-extract/src/moved_0_graph_edges.rs	crates/sprefa-extract/src/lib.rs	rust	fn	sprefa-extract	2097
hafley-rs	rust_workspace	cleave	crates/sprefa-extract/src/0_graph.rs	plane_edges	7465	crates/sprefa-extract/src/moved_0_graph_plane_edges.rs	True	False	False	crates/sprefa-extract/src/0_graph.rs;crates/sprefa-extract/src/moved_0_graph_plane_edges.rs	crates/sprefa-extract/src/lib.rs	rust	fn	sprefa-extract	2097
hafley-rs	rust_workspace	cleave	crates/sprefa-extract/src/0_graph.rs	first_discovery	9093	crates/sprefa-extract/src/moved_0_graph_first_discovery.rs	True	False	False	crates/sprefa-extract/src/0_graph.rs;crates/sprefa-extract/src/moved_0_graph_first_discovery.rs	crates/sprefa-extract/src/lib.rs	rust	fn	sprefa-extract	2097
hafley-rs	rust_workspace	cleave	crates/sprefa-extract/src/0_graph.rs	named_starts	11499	crates/sprefa-extract/src/moved_0_graph_named_starts.rs	True	False	False	crates/sprefa-extract/src/0_graph.rs;crates/sprefa-extract/src/moved_0_graph_named_starts.rs	crates/sprefa-extract/src/lib.rs	rust	fn	sprefa-extract	2097
hafley-rs	rust_workspace	cleave	crates/sprefa-extract/src/0_graph.rs	nodes	11853	crates/sprefa-extract/src/moved_0_graph_nodes.rs	True	False	False	crates/sprefa-extract/src/0_graph.rs;crates/sprefa-extract/src/moved_0_graph_nodes.rs	crates/sprefa-extract/src/lib.rs	rust	fn	sprefa-extract	2097
hafley-rs	rust_workspace	cleave	crates/sprefa-extract/src/0_graph.rs	paths	12610	crates/sprefa-extract/src/moved_0_graph_paths.rs	True	False	False	crates/sprefa-extract/src/0_graph.rs;crates/sprefa-extract/src/moved_0_graph_paths.rs	crates/sprefa-extract/src/lib.rs	rust	fn	sprefa-extract	2097
hafley-rs	rust_workspace	cleave	crates/sprefa-extract/src/0_graph.rs	flow_seed	13446	crates/sprefa-extract/src/moved_0_graph_flow_seed.rs	True	False	False	crates/sprefa-extract/src/0_graph.rs;crates/sprefa-extract/src/moved_0_graph_flow_seed.rs	crates/sprefa-extract/src/lib.rs	rust	fn	sprefa-extract	2097
hafley-rs	rust_workspace	cleave	crates/sprefa-extract/src/0_graph.rs	bump	14024	crates/sprefa-extract/src/edit.rs	False	False	False	crates/sprefa-extract/src/0_graph.rs;crates/sprefa-extract/src/edit.rs		rust	fn	sprefa-extract	2097
hafley-rs	rust_workspace	cleave	crates/sprefa-extract/src/0_graph.rs	emit_rows	14204	crates/sprefa-extract/src/edit.rs	False	False	False	crates/sprefa-extract/src/0_graph.rs;crates/sprefa-extract/src/edit.rs		rust	fn	sprefa-extract	2097
hafley-rs	rust_workspace	cleave	crates/sprefa-extract/src/0_graph.rs	emit_summary_line	14428	crates/sprefa-extract/src/edit.rs	False	False	False	crates/sprefa-extract/src/0_graph.rs;crates/sprefa-extract/src/edit.rs		rust	fn	sprefa-extract	2097
hafley-rs	rust_workspace	cleave	crates/sprefa-extract/src/0_graph.rs	arms	15779	crates/sprefa-extract/src/edit.rs	False	False	False	crates/sprefa-extract/src/0_graph.rs;crates/sprefa-extract/src/edit.rs		rust	fn	sprefa-extract	2097
hafley-rs	rust_workspace	cleave	crates/sprefa-extract/src/0_graph.rs	ask	16272	crates/sprefa-extract/src/edit.rs	False	False	False	crates/sprefa-extract/src/0_graph.rs;crates/sprefa-extract/src/edit.rs		rust	fn	sprefa-extract	2097
hafley-rs	rust_workspace	cleave	crates/sprefa-extract/src/0_graph.rs	ask_within	18536	crates/boop-proc/src/lib.rs	False	True	False	crates/boop-proc/src/lib.rs;crates/sprefa-extract/src/0_graph.rs		rust	fn	sprefa-extract	2097
hafley-rs	rust_workspace	cleave	crates/sprefa-extract/src/0_graph.rs	ask_at	19671	crates/boop-proc/src/lib.rs	False	True	False	crates/boop-proc/src/lib.rs;crates/sprefa-extract/src/0_graph.rs		rust	fn	sprefa-extract	2097
hafley-rs	rust_workspace	cleave	crates/sprefa-extract/src/0_graph.rs	path_keys	20510	crates/boop-proc/src/lib.rs	False	True	False	crates/boop-proc/src/lib.rs;crates/sprefa-extract/src/0_graph.rs		rust	fn	sprefa-extract	2097
hafley-rs	rust_workspace	cleave	crates/sprefa-extract/src/0_graph.rs	changed_paths	21109	crates/boop-proc/src/lib.rs	False	True	False	crates/boop-proc/src/lib.rs;crates/sprefa-extract/src/0_graph.rs		rust	fn	sprefa-extract	2097
hafley-rs	rust_workspace	cleave	crates/sprefa-extract/src/0_graph.rs	run	21907	crates/boop-proc/src/lib.rs	False	True	False	crates/boop-proc/src/lib.rs;crates/sprefa-extract/src/0_graph.rs;crates/sprefa-extract/src/0_query.rs;crates/sprefa-extract/src/0_stratify.rs;crates/sprefa-extract/src/3_region_writer.rs;crates/sprefa-extract/src/4_watch.rs;crates/sprefa-extract/src/5_diff.rs;crates/sprefa-extract/src/bin/ryi.rs;crates/sprefa-extract/src/edit/_6_move.rs;crates/sprefa-extract/src/edit/_6_rename.rs;crates/sprefa-extract/src/edit/_7_cleave.rs		rust	fn	sprefa-extract	2097
hafley-rxjs	monorepo	rename	packages/signals/src/0_ProxyTree.ts	isProxyTreeNumericKey	2407		False	False	False	packages/signals/src/0_ProxyTree.ts;packages/signals/src/0_ProxyTreeThin.ts		ts	fn	@hafley66/signals	17
hafley-rxjs	monorepo	rename	packages/signals/src/0_ProxyTree.ts	createProxyTree	2635		False	False	False	packages/signals/src/0_ProxyTree.test.ts;packages/signals/src/0_ProxyTree.ts		ts	fn	@hafley66/signals	17
hafley-rxjs	monorepo	rename	packages/signals/src/0_ProxyTreeThin.ts	createProxyTreeThin	3235		False	False	False	packages/signals/src/0_ProxyTreeThin.test.ts;packages/signals/src/0_ProxyTreeThin.ts		ts	fn	@hafley66/signals	17
hafley-rxjs	monorepo	rename	packages/signals/src/10_slice.ts	createEpic	821		False	False	False	packages/signals/src/10_slice.test.ts;packages/signals/src/10_slice.ts		ts	fn	@hafley66/signals	17
hafley-rxjs	monorepo	rename	packages/signals/src/10_slice.ts	createSlice	928		False	False	False	packages/signals/src/10_slice.bench.ts;packages/signals/src/10_slice.test.ts;packages/signals/src/10_slice.ts		ts	fn	@hafley66/signals	17
hafley-rxjs	monorepo	rename	packages/signals/src/1_SignalCreator.ts	trackDependencies	4073		False	False	False	packages/signals/src/1_SignalCreator.ts;packages/signals/src/7_signalMap.ts		ts	fn	@hafley66/signals	17
hafley-rxjs	monorepo	rename	packages/signals/src/1_SignalCreator.ts	SignalCreator	4597		False	False	False	packages/signals/src/1_SignalCreator.ts;packages/signals/src/2_Signal.ts;packages/signals/src/4_assumptions.test.ts		ts	fn	@hafley66/signals	17
hafley-rxjs	monorepo	rename	packages/signals/src/1_SignalCreator.ts	createComputedSignal	15740		False	False	False	packages/signals/src/1_SignalCreator.ts;packages/signals/src/2_Signal.ts		ts	fn	@hafley66/signals	17
hafley-rxjs	monorepo	rename	packages/signals/src/2_Signal.ts	toSignal	830		False	False	False	packages/signals/src/2_Signal.ts;packages/signals/src/4_Query.ts		ts	fn	@hafley66/signals	17
hafley-rxjs	monorepo	rename	packages/signals/src/2_Signal.ts	Signal	1776		False	False	False	packages/signals/src/0_types.test.ts;packages/signals/src/10_slice.test.ts;packages/signals/src/10_slice.ts;packages/signals/src/11_pipe.test.ts;packages/signals/src/1_SignalCreator.bench.ts;packages/signals/src/2_Signal.lifetime.test.ts;packages/signals/src/2_Signal.memo.test.ts;packages/signals/src/2_Signal.overloads.test.ts;packages/signals/src/2_Signal.scan.test.ts;packages/signals/src/2_Signal.ts;packages/signals/src/4_Query.test.ts;packages/signals/src/4_Query.ts;packages/signals/src/4_assumptions.test.ts;packages/signals/src/4_jsxAuto.render.browser.test.ts;packages/signals/src/5_Route.ts;packages/signals/src/6_Storage.ts;packages/signals/src/7_signalMap.test.ts;packages/signals/src/9_history.ts		ts	fn	@hafley66/signals	17
hafley-rxjs	monorepo	rename	packages/signals/src/0_ProxyTree.large-memory.ts	Row	355		False	False	False	packages/signals/src/0_ProxyTree.large-memory.ts;packages/signals/src/0_types.test.ts;packages/signals/src/1_SignalCreator.bench.ts		ts	type	@hafley66/signals	17
hafley-rxjs	monorepo	rename	packages/signals/src/0_ProxyTree.ts	ProxyTreeApply	158		False	False	False	packages/signals/src/0_ProxyTree.ts;packages/signals/src/0_ProxyTreeThin.ts		ts	type	@hafley66/signals	17
hafley-rxjs	monorepo	rename	packages/signals/src/0_ProxyTree.ts	IsNullish	263		False	False	False	packages/signals/src/0_ProxyTree.ts;packages/signals/src/0_types.ts		ts	type	@hafley66/signals	17
hafley-rxjs	monorepo	rename	packages/signals/src/0_ProxyTree.ts	IsRecursive	533		False	False	False	packages/signals/src/0_ProxyTree.ts;packages/signals/src/0_types.ts		ts	type	@hafley66/signals	17
hafley-rxjs	monorepo	rename	packages/signals/src/0_ProxyTree.ts	ProxyTree	712		False	False	False	packages/signals/src/0_ProxyTree.ts;packages/signals/src/0_ProxyTreeThin.ts		ts	type	@hafley66/signals	17
hafley-rxjs	monorepo	rename	packages/signals/src/0_ProxyTree.ts	get	3785		False	False	False	packages/signals/src/0_ProxyTree.ts;packages/signals/src/1_SignalCreator.ts		ts	method	@hafley66/signals	17
hafley-rxjs	monorepo	rename	packages/signals/src/0_ProxyTreeThin.ts	get	1146		False	False	False	packages/signals/src/0_ProxyTreeThin.ts;packages/signals/src/1_SignalCreator.ts		ts	method	@hafley66/signals	17
hafley-rxjs	monorepo	rename	packages/signals/src/3_Endpoint.ts	key	1372		False	False	False	packages/signals/src/3_Endpoint.ts;packages/signals/src/4_Query.test.ts;packages/signals/src/4_Query.ts		ts	method	@hafley66/signals	17
hafley-rxjs	monorepo	rename	packages/signals/src/3_Endpoint.ts	execute	1464		False	False	False	packages/signals/src/3_Endpoint.ts;packages/signals/src/4_Query.test.ts;packages/signals/src/4_Query.ts		ts	method	@hafley66/signals	17
hafley-rxjs	monorepo	rename	packages/signals/src/3_Endpoint.ts	createQuery	1962		False	False	False	packages/signals/src/3_Endpoint.ts;packages/signals/src/4_Query.dom.test.ts;packages/signals/src/4_Query.ts		ts	method	@hafley66/signals	17
hafley-rxjs	monorepo	rename	packages/signals/src/0_ProxyTreeThin.ts	rootOf	2339		False	False	False	packages/signals/src/0_ProxyTreeThin.ts		ts	fn	@hafley66/signals	17
hafley-rxjs	monorepo	rename	packages/signals/src/0_ProxyTreeThin.ts	materializePath	2487		False	False	False	packages/signals/src/0_ProxyTreeThin.ts		ts	fn	@hafley66/signals	17
hafley-rxjs	monorepo	rename	packages/signals/src/0_ProxyTreeThin.ts	pathDepth	2800		False	False	False	packages/signals/src/0_ProxyTreeThin.ts		ts	fn	@hafley66/signals	17
hafley-rxjs	monorepo	rename	packages/signals/src/0_log.ts	setSignalLogEmit	1096		False	False	False	packages/signals/src/0_log.ts		ts	fn	@hafley66/signals	17
hafley-rxjs	monorepo	rename	packages/signals/src/0_log.ts	isSignalLogging	1183		False	False	False	packages/signals/src/0_log.ts		ts	fn	@hafley66/signals	17
hafley-rxjs	monorepo	rename	packages/signals/src/0_log.ts	enableSignalLogTape	1253		False	False	False	packages/signals/src/0_log.ts		ts	fn	@hafley66/signals	17
hafley-rxjs	monorepo	rename	packages/signals/src/0_log.ts	disableSignalLogging	1347		False	False	False	packages/signals/src/0_log.ts		ts	fn	@hafley66/signals	17
hafley-rxjs	monorepo	rename	packages/signals/src/10_slice.ts	runEpics	1709		False	False	False	packages/signals/src/10_slice.ts		ts	fn	@hafley66/signals	17
hafley-rxjs	monorepo	rename	packages/signals/src/1_SignalCreator.ts	shallowEqual	942		False	False	False	packages/signals/src/1_SignalCreator.ts		ts	fn	@hafley66/signals	17
hafley-rxjs	monorepo	rename	packages/signals/src/1_SignalCreator.ts	inEmitTurn	2912		False	False	False	packages/signals/src/1_SignalCreator.ts		ts	fn	@hafley66/signals	17
hafley-rxjs	monorepo	rename	packages/signals/src/0_ProxyTree.large-memory.ts	Fixture	455		False	False	False	packages/signals/src/0_ProxyTree.large-memory.ts		ts	type	@hafley66/signals	17
hafley-rxjs	monorepo	rename	packages/signals/src/0_ProxyTree.ts	ProxyTreeDepth	12		False	False	False	packages/signals/src/0_ProxyTree.ts		ts	type	@hafley66/signals	17
hafley-rxjs	monorepo	rename	packages/signals/src/0_ProxyTree.ts	NestedValue	343		False	False	False	packages/signals/src/0_ProxyTree.ts		ts	type	@hafley66/signals	17
hafley-rxjs	monorepo	rename	packages/signals/src/0_ProxyTree.ts	Node	3033		False	False	False	packages/signals/src/0_ProxyTree.ts		ts	type	@hafley66/signals	17
hafley-rxjs	monorepo	rename	packages/signals/src/0_ProxyTree.ts	WeakEntry	3083		False	False	False	packages/signals/src/0_ProxyTree.ts		ts	type	@hafley66/signals	17
hafley-rxjs	monorepo	rename	packages/signals/src/1_SignalCreator.ts	get	9528		False	False	False	packages/signals/src/1_SignalCreator.ts		ts	method	@hafley66/signals	17
hafley-rxjs	monorepo	rename	packages/signals/src/1_SignalCreator.ts	apply	13193		False	False	False	packages/signals/src/1_SignalCreator.ts		ts	method	@hafley66/signals	17
hafley-rxjs	monorepo	rename	packages/signals/src/1_SignalCreator.ts	get	13486		False	False	False	packages/signals/src/1_SignalCreator.ts		ts	method	@hafley66/signals	17
hafley-rxjs	monorepo	rename	packages/signals/src/3_Endpoint.ts	constructor	1263		False	False	False	packages/signals/src/3_Endpoint.ts		ts	method	@hafley66/signals	17
hafley-rxjs	monorepo	rename	packages/signals/src/5_Route.ts	navigate	4458		False	False	False	packages/signals/src/5_Route.ts		ts	method	@hafley66/signals	17
hafley-rxjs	monorepo	cleave	packages/signals/src/0_ProxyTree.ts	isProxyTreeNumericKey	2407	packages/signals/src/moved_0_ProxyTree_isProxyTreeNumericKey.ts	True	False	False	packages/signals/src/0_ProxyTree.ts;packages/signals/src/0_ProxyTreeThin.ts;packages/signals/src/moved_0_ProxyTree_isProxyTreeNumericKey.ts		ts	fn	@hafley66/signals	17
hafley-rxjs	monorepo	cleave	packages/signals/src/0_ProxyTree.ts	createProxyTree	2635	packages/signals/src/moved_0_ProxyTree_createProxyTree.ts	True	False	False	packages/signals/src/0_ProxyTree.test.ts;packages/signals/src/0_ProxyTree.ts;packages/signals/src/moved_0_ProxyTree_createProxyTree.ts		ts	fn	@hafley66/signals	17
hafley-rxjs	monorepo	cleave	packages/signals/src/0_ProxyTreeThin.ts	rootOf	2339	packages/signals/src/moved_0_ProxyTreeThin_rootOf.ts	True	False	False	packages/signals/src/0_ProxyTreeThin.ts;packages/signals/src/moved_0_ProxyTreeThin_rootOf.ts		ts	fn	@hafley66/signals	17
hafley-rxjs	monorepo	cleave	packages/signals/src/0_ProxyTreeThin.ts	materializePath	2487	packages/signals/src/moved_0_ProxyTreeThin_materializePath.ts	True	False	False	packages/signals/src/0_ProxyTreeThin.ts;packages/signals/src/moved_0_ProxyTreeThin_materializePath.ts		ts	fn	@hafley66/signals	17
hafley-rxjs	monorepo	cleave	packages/signals/src/0_ProxyTreeThin.ts	pathDepth	2800	packages/signals/src/moved_0_ProxyTreeThin_pathDepth.ts	True	False	False	packages/signals/src/0_ProxyTreeThin.ts;packages/signals/src/moved_0_ProxyTreeThin_pathDepth.ts		ts	fn	@hafley66/signals	17
hafley-rxjs	monorepo	cleave	packages/signals/src/0_ProxyTreeThin.ts	createProxyTreeThin	3235	packages/signals/src/moved_0_ProxyTreeThin_createProxyTreeThin.ts	True	False	False	packages/signals/src/0_ProxyTreeThin.test.ts;packages/signals/src/0_ProxyTreeThin.ts;packages/signals/src/moved_0_ProxyTreeThin_createProxyTreeThin.ts		ts	fn	@hafley66/signals	17
hafley-rxjs	monorepo	cleave	packages/signals/src/0_log.ts	setSignalLogEmit	1096	packages/signals/src/moved_0_log_setSignalLogEmit.ts	True	False	False	packages/signals/src/0_log.ts;packages/signals/src/moved_0_log_setSignalLogEmit.ts		ts	fn	@hafley66/signals	17
hafley-rxjs	monorepo	cleave	packages/signals/src/0_log.ts	isSignalLogging	1183	packages/signals/src/moved_0_log_isSignalLogging.ts	True	False	False	packages/signals/src/0_log.ts;packages/signals/src/moved_0_log_isSignalLogging.ts		ts	fn	@hafley66/signals	17
hafley-rxjs	monorepo	cleave	packages/signals/src/0_log.ts	enableSignalLogTape	1253	packages/signals/src/moved_0_log_enableSignalLogTape.ts	True	False	False	packages/signals/src/0_log.ts;packages/signals/src/moved_0_log_enableSignalLogTape.ts		ts	fn	@hafley66/signals	17
hafley-rxjs	monorepo	cleave	packages/signals/src/0_log.ts	disableSignalLogging	1347	packages/signals/src/moved_0_log_disableSignalLogging.ts	True	False	False	packages/signals/src/0_log.ts;packages/signals/src/moved_0_log_disableSignalLogging.ts		ts	fn	@hafley66/signals	17
hafley-rxjs	monorepo	cleave	packages/signals/src/10_slice.ts	createEpic	821	packages/signals/src/4_jsxAuto.ts	False	False	False	packages/signals/src/10_slice.test.ts;packages/signals/src/10_slice.ts;packages/signals/src/4_jsxAuto.ts		ts	fn	@hafley66/signals	17
hafley-rxjs	monorepo	cleave	packages/signals/src/10_slice.ts	createSlice	928	packages/signals/src/4_jsxAuto.ts	False	False	False	packages/signals/src/10_slice.bench.ts;packages/signals/src/10_slice.test.ts;packages/signals/src/10_slice.ts;packages/signals/src/4_jsxAuto.ts		ts	fn	@hafley66/signals	17
hafley-rxjs	monorepo	cleave	packages/signals/src/10_slice.ts	runEpics	1709	packages/signals/src/4_jsxAuto.ts	False	False	False	packages/signals/src/10_slice.ts;packages/signals/src/4_jsxAuto.ts		ts	fn	@hafley66/signals	17
hafley-rxjs	monorepo	cleave	packages/signals/src/1_SignalCreator.ts	shallowEqual	942	packages/signals/src/4_jsxAuto.ts	False	False	False	packages/signals/src/1_SignalCreator.ts;packages/signals/src/4_jsxAuto.ts		ts	fn	@hafley66/signals	17
hafley-rxjs	monorepo	cleave	packages/signals/src/1_SignalCreator.ts	inEmitTurn	2912	packages/signals/src/4_jsxAuto.ts	False	False	False	packages/signals/src/1_SignalCreator.ts;packages/signals/src/4_jsxAuto.ts		ts	fn	@hafley66/signals	17
hafley-rxjs	monorepo	cleave	packages/signals/src/1_SignalCreator.ts	trackDependencies	4073	packages/bewpp/dist/types/0_commands.d.ts	False	True	False	packages/bewpp/dist/types/0_commands.d.ts;packages/signals/src/1_SignalCreator.ts;packages/signals/src/7_signalMap.ts		ts	fn	@hafley66/signals	17
hafley-rxjs	monorepo	cleave	packages/signals/src/1_SignalCreator.ts	SignalCreator	4597	packages/bewpp/dist/types/0_commands.d.ts	False	True	False	packages/bewpp/dist/types/0_commands.d.ts;packages/signals/src/1_SignalCreator.ts;packages/signals/src/2_Signal.ts;packages/signals/src/4_assumptions.test.ts		ts	fn	@hafley66/signals	17
hafley-rxjs	monorepo	cleave	packages/signals/src/1_SignalCreator.ts	isStream	15040	packages/bewpp/dist/types/0_commands.d.ts	False	True	False	packages/bewpp/dist/types/0_commands.d.ts;packages/signals/src/1_SignalCreator.ts		ts	fn	@hafley66/signals	17
hafley-rxjs	monorepo	cleave	packages/signals/src/1_SignalCreator.ts	createComputedSignal	15740	packages/bewpp/dist/types/0_commands.d.ts	False	True	False	packages/bewpp/dist/types/0_commands.d.ts;packages/signals/src/1_SignalCreator.ts;packages/signals/src/2_Signal.ts		ts	fn	@hafley66/signals	17
hafley-rxjs	monorepo	cleave	packages/signals/src/2_Signal.ts	isSignal	454	packages/bewpp/dist/types/0_commands.d.ts	False	True	False	packages/bewpp/dist/types/0_commands.d.ts;packages/signals/src/2_Signal.ts		ts	fn	@hafley66/signals	17
hafley-tsp	monorepo	rename	packages/binding-core/src/2_facts.ts	extractChain	345		False	False	False	packages/binding-core/src/2_facts.ts;packages/binding-core/src/5_emit-rust.tsx;packages/binding-core/src/6_emit-go.tsx		ts	fn	@hafley/typespec-binding-core	28
hafley-tsp	monorepo	rename	packages/binding-core/src/2a_intern.ts	internStorage	498		False	False	False	packages/binding-core/src/2a_intern.ts;packages/binding-core/src/3_validate.ts;packages/binding-core/src/4_emit-sql.ts;packages/binding-core/src/5_emit-rust.tsx;packages/binding-core/src/6_emit-go.tsx		ts	fn	@hafley/typespec-binding-core	28
hafley-tsp	monorepo	rename	packages/binding-core/src/5_emit-rust.tsx	emitExtractFn	2180		False	False	False	packages/binding-core/src/5_emit-rust.tsx;packages/binding-core/src/6_emit-go.tsx		ts	fn	@hafley/typespec-binding-core	28
hafley-tsp	monorepo	rename	packages/binding-core/src/6_emit-go.tsx	emitExtractFn	5748		False	False	False	packages/binding-core/src/5_emit-rust.tsx;packages/binding-core/src/6_emit-go.tsx		ts	fn	@hafley/typespec-binding-core	28
hafley-tsp	monorepo	rename	packages/binding-core/src/decorators.ts	getAllSourceNested	4358		False	False	False	packages/binding-core/src/5_emit-rust.tsx;packages/binding-core/src/decorators.ts		ts	fn	@hafley/typespec-binding-core	28
hafley-tsp	monorepo	rename	packages/decorator-def/src/decorator-codegen.ts	generateTsp	3796		False	False	False	packages/decorator-def/src/decorator-codegen.test.ts;packages/decorator-def/src/decorator-codegen.ts;packages/decorator-def/src/generate.test.tsx;packages/decorator-def/src/generate.tsx		ts	fn	@hafley/typespec-decorator-def	28
hafley-tsp	monorepo	rename	packages/decorator-def/src/decorator-codegen.ts	tsType	4848		False	False	False	packages/decorator-def/src/decorator-codegen.ts;packages/decorator-def/src/generate.tsx		ts	fn	@hafley/typespec-decorator-def	28
hafley-tsp	monorepo	rename	packages/decorator-def/src/decorator-codegen.ts	generateTs	8448		False	False	False	packages/decorator-def/src/decorator-codegen.test.ts;packages/decorator-def/src/decorator-codegen.ts;packages/decorator-def/src/generate.test.tsx;packages/decorator-def/src/generate.tsx		ts	fn	@hafley/typespec-decorator-def	28
hafley-tsp	monorepo	rename	packages/decorator-def/src/decorator-codegen.ts	generateStateKeys	11588		False	False	False	packages/decorator-def/src/decorator-codegen.test.ts;packages/decorator-def/src/decorator-codegen.ts		ts	fn	@hafley/typespec-decorator-def	28
hafley-tsp	monorepo	rename	packages/decorator-def/src/decorator-codegen.ts	pascalCase	12089		False	False	False	packages/decorator-def/src/decorator-codegen.ts;packages/decorator-def/src/generate.tsx		ts	fn	@hafley/typespec-decorator-def	28
hafley-tsp	monorepo	rename	packages/decorator-def/src/decorator-codegen.ts	DecoratorSpec	1053		False	False	False	packages/decorator-def/src/decorator-codegen.ts;packages/decorator-def/src/generate.tsx;packages/decorator-def/src/reader.ts		ts	type	@hafley/typespec-decorator-def	28
hafley-tsp	monorepo	rename	packages/decorator-def/src/decorator-codegen.ts	LibrarySpec	1481		False	False	False	packages/decorator-def/src/decorator-codegen.ts;packages/decorator-def/src/generate.tsx;packages/decorator-def/src/reader.ts		ts	type	@hafley/typespec-decorator-def	28
hafley-tsp	monorepo	rename	packages/decorator-def/src/decorators.ts	DecoratorDefData	201		False	False	False	packages/decorator-def/src/decorators.ts;packages/decorator-def/src/reader.ts		ts	type	@hafley/typespec-decorator-def	28
hafley-tsp	monorepo	rename	packages/decorator-def/src/reader.ts	ParamSpec	294		False	False	False	packages/decorator-def/src/generate.tsx;packages/decorator-def/src/reader.ts		ts	type	@hafley/typespec-decorator-def	28
hafley-tsp	monorepo	rename	packages/decorator-def/src/reader.ts	DecoratorSpec	396		False	False	False	packages/decorator-def/src/decorator-codegen.ts;packages/decorator-def/src/generate.tsx;packages/decorator-def/src/reader.ts		ts	type	@hafley/typespec-decorator-def	28
hafley-tsp	monorepo	rename	packages/rusqlite/src/4_emit.tsx	emitWriteConnectionTrait	1538		False	False	False	packages/rusqlite/src/2_intern_writer.ts;packages/rusqlite/src/4_emit.tsx		ts	method	@hafley/typespec-rusqlite	28
hafley-tsp	monorepo	rename	packages/binding-core/src/decorators.ts	getParentModelName	435		False	False	False	packages/binding-core/src/decorators.ts		ts	fn	@hafley/typespec-binding-core	28
hafley-tsp	monorepo	rename	packages/rust/src/symbols/00_rust.ts	getRustCopyOptions	936		False	False	False	packages/rust/src/symbols/00_rust.ts;packages/rust/src/symbols/01_named-type.ts		ts	method	@hafley66/alloy-rs	28
hafley-tsp	monorepo	rename	packages/rust/src/symbols/00_rust.ts	initializeRustCopy	1036		False	False	False	packages/rust/src/symbols/00_rust.ts;packages/rust/src/symbols/01_named-type.ts		ts	method	@hafley66/alloy-rs	28
hafley-tsp	monorepo	rename	packages/rust/src/symbols/00_rust.ts	copy	1113		False	False	False	packages/rust/src/symbols/00_rust.ts;packages/rust/src/symbols/01_named-type.ts		ts	method	@hafley66/alloy-rs	28
hafley-tsp	monorepo	rename	packages/asyncapi/src/decorators.ts	onDuplicateDirection	612		False	False	False	packages/asyncapi/src/decorators.ts		ts	fn	@hafley/typespec-asyncapi	28
hafley-tsp	monorepo	rename	packages/binding-core/src/5_emit-rust.tsx	emitConfigCliMerge	21214		False	False	False	packages/binding-core/src/5_emit-rust.tsx;packages/binding-core/src/decorators.ts		ts	fn	@hafley/typespec-binding-core	28
hafley-tsp	monorepo	rename	packages/binding-core/src/3_validate.ts	$onValidate	831		False	False	False	packages/binding-core/src/3_validate.ts		ts	fn	@hafley/typespec-binding-core	28
hafley-tsp	monorepo	rename	packages/binding-core/src/4_emit-sql.ts	emitSQL	292		False	False	False	packages/binding-core/src/4_emit-sql.ts		ts	fn	@hafley/typespec-binding-core	28
hafley-tsp	monorepo	rename	packages/binding-core/src/5_emit-rust.tsx	emitJsonAccess	1514		False	False	False	packages/binding-core/src/5_emit-rust.tsx		ts	fn	@hafley/typespec-binding-core	28
hafley-tsp	monorepo	rename	packages/binding-core/src/5_emit-rust.tsx	emitSyncTrait	4805		False	False	False	packages/binding-core/src/5_emit-rust.tsx		ts	fn	@hafley/typespec-binding-core	28
hafley-tsp	monorepo	rename	packages/binding-core/src/5_emit-rust.tsx	emitSyncFn	6574		False	False	False	packages/binding-core/src/5_emit-rust.tsx		ts	fn	@hafley/typespec-binding-core	28
hafley-tsp	monorepo	rename	packages/binding-core/src/5_emit-rust.tsx	emitGraphqlFragment	16893		False	False	False	packages/binding-core/src/5_emit-rust.tsx		ts	fn	@hafley/typespec-binding-core	28
hafley-tsp	monorepo	rename	packages/binding-core/src/5_emit-rust.tsx	emitModelFields	17868		False	False	False	packages/binding-core/src/5_emit-rust.tsx		ts	fn	@hafley/typespec-binding-core	28
hafley-tsp	monorepo	rename	packages/binding-core/src/5_emit-rust.tsx	emitConfigHelpers	19679		False	False	False	packages/binding-core/src/5_emit-rust.tsx		ts	fn	@hafley/typespec-binding-core	28
hafley-tsp	monorepo	rename	packages/asyncapi/src/decorators.ts	Direction	3342		False	False	False	packages/asyncapi/src/decorators.ts		ts	type	@hafley/typespec-asyncapi	28
hafley-tsp	monorepo	rename	packages/asyncapi/src/0_types.ts	AmqpChannelBindingsDef	141		False	False	False	packages/asyncapi/src/0_types.ts		ts	type	@hafley/typespec-asyncapi	28
hafley-tsp	monorepo	rename	packages/asyncapi/src/0_types.ts	AmqpOperationBindingsDef	458		False	False	False	packages/asyncapi/src/0_types.ts		ts	type	@hafley/typespec-asyncapi	28
hafley-tsp	monorepo	rename	packages/asyncapi/src/decorators.ts	ServerDef	398		False	False	False	packages/asyncapi/src/decorators.ts		ts	type	@hafley/typespec-asyncapi	28
hafley-tsp	monorepo	rename	packages/asyncapi/src/decorators.ts	ReplyDef	514		False	False	False	packages/asyncapi/src/decorators.ts		ts	type	@hafley/typespec-asyncapi	28
hafley-tsp	monorepo	rename	packages/binding-core/src/6_emit-go.tsx	goFieldType	9738		False	False	False	packages/binding-core/src/6_emit-go.tsx		ts	method	@hafley/typespec-binding-core	28
hafley-tsp	monorepo	rename	packages/binding-core/src/6_emit-go.tsx	goType	10806		False	False	False	packages/binding-core/src/6_emit-go.tsx		ts	method	@hafley/typespec-binding-core	28
hafley-tsp	monorepo	rename	packages/decorator-def/src/decorator-factory.ts	$decorator	936		False	False	False	packages/decorator-def/src/decorator-factory.ts		ts	method	@hafley/typespec-decorator-def	28
hafley-tsp	monorepo	rename	packages/decorator-def/src/decorator-factory.ts	has	1032		False	False	False	packages/decorator-def/src/decorator-factory.ts		ts	method	@hafley/typespec-decorator-def	28
hafley-tsp	monorepo	rename	packages/decorator-def/src/decorator-factory.ts	$decorator	1603		False	False	False	packages/decorator-def/src/decorator-factory.ts		ts	method	@hafley/typespec-decorator-def	28
hafley-tsp	monorepo	cleave	packages/asyncapi/src/decorators.ts	onDuplicateDirection	612	packages/asyncapi/src/moved_decorators_onDuplicateDirection.ts	True	False	False	packages/asyncapi/src/decorators.ts;packages/asyncapi/src/moved_decorators_onDuplicateDirection.ts		ts	fn	@hafley/typespec-asyncapi	28
hafley-tsp	monorepo	cleave	packages/binding-core/src/5_emit-rust.tsx	emitConfigCliMerge	21214	packages/binding-core/moved_5_emit-rust_emitConfigCliMerge.ts	True	False	False	packages/binding-core/moved_5_emit-rust_emitConfigCliMerge.ts;packages/binding-core/src/5_emit-rust.tsx;packages/binding-core/src/decorators.ts		ts	fn	@hafley/typespec-binding-core	28
hafley-tsp	monorepo	cleave	packages/binding-core/src/2_facts.ts	extractChain	345	packages/binding-core/src/moved_2_facts_extractChain.ts	True	False	False	packages/binding-core/src/2_facts.ts;packages/binding-core/src/5_emit-rust.tsx;packages/binding-core/src/6_emit-go.tsx;packages/binding-core/src/moved_2_facts_extractChain.ts		ts	fn	@hafley/typespec-binding-core	28
hafley-tsp	monorepo	cleave	packages/binding-core/src/2a_intern.ts	internStorage	498	packages/binding-core/src/moved_2a_intern_internStorage.ts	True	False	False	packages/binding-core/src/2a_intern.ts;packages/binding-core/src/3_validate.ts;packages/binding-core/src/4_emit-sql.ts;packages/binding-core/src/5_emit-rust.tsx;packages/binding-core/src/6_emit-go.tsx;packages/binding-core/src/moved_2a_intern_internStorage.ts		ts	fn	@hafley/typespec-binding-core	28
hafley-tsp	monorepo	cleave	packages/binding-core/src/3_validate.ts	$onValidate	831	packages/binding-core/src/moved_3_validate_$onValidate.ts	True	False	False	packages/binding-core/src/3_validate.ts;packages/binding-core/src/moved_3_validate_$onValidate.ts		ts	fn	@hafley/typespec-binding-core	28
hafley-tsp	monorepo	cleave	packages/binding-core/src/4_emit-sql.ts	emitSQL	292	packages/binding-core/src/moved_4_emit-sql_emitSQL.ts	True	False	False	packages/binding-core/src/4_emit-sql.ts;packages/binding-core/src/moved_4_emit-sql_emitSQL.ts		ts	fn	@hafley/typespec-binding-core	28
hafley-tsp	monorepo	cleave	packages/binding-core/src/5_emit-rust.tsx	emitJsonAccess	1514	packages/binding-core/src/moved_5_emit-rust_emitJsonAccess.ts	True	False	False	packages/binding-core/src/5_emit-rust.tsx;packages/binding-core/src/moved_5_emit-rust_emitJsonAccess.ts		ts	fn	@hafley/typespec-binding-core	28
hafley-tsp	monorepo	cleave	packages/binding-core/src/5_emit-rust.tsx	emitExtractFn	2180	packages/binding-core/src/moved_5_emit-rust_emitExtractFn.ts	True	False	False	packages/binding-core/src/5_emit-rust.tsx;packages/binding-core/src/6_emit-go.tsx;packages/binding-core/src/moved_5_emit-rust_emitExtractFn.ts		ts	fn	@hafley/typespec-binding-core	28
hafley-tsp	monorepo	cleave	packages/binding-core/src/5_emit-rust.tsx	emitSyncTrait	4805	packages/binding-core/src/moved_5_emit-rust_emitSyncTrait.ts	True	False	False	packages/binding-core/src/5_emit-rust.tsx;packages/binding-core/src/moved_5_emit-rust_emitSyncTrait.ts		ts	fn	@hafley/typespec-binding-core	28
hafley-tsp	monorepo	cleave	packages/binding-core/src/5_emit-rust.tsx	emitSyncFn	6574	packages/binding-core/src/moved_5_emit-rust_emitSyncFn.ts	True	False	False	packages/binding-core/src/5_emit-rust.tsx;packages/binding-core/src/moved_5_emit-rust_emitSyncFn.ts		ts	fn	@hafley/typespec-binding-core	28
hafley-tsp	monorepo	cleave	packages/binding-core/src/5_emit-rust.tsx	emitGraphqlFragment	16893	packages/binding-core/src/decorators.ts	False	False	False	packages/binding-core/src/5_emit-rust.tsx;packages/binding-core/src/decorators.ts		ts	fn	@hafley/typespec-binding-core	28
hafley-tsp	monorepo	cleave	packages/binding-core/src/5_emit-rust.tsx	emitModelFields	17868	packages/binding-core/src/decorators.ts	False	False	False	packages/binding-core/src/5_emit-rust.tsx;packages/binding-core/src/decorators.ts		ts	fn	@hafley/typespec-binding-core	28
hafley-tsp	monorepo	cleave	packages/binding-core/src/5_emit-rust.tsx	emitConfigHelpers	19679	packages/binding-core/src/decorators.ts	False	False	False	packages/binding-core/src/5_emit-rust.tsx;packages/binding-core/src/decorators.ts		ts	fn	@hafley/typespec-binding-core	28
hafley-tsp	monorepo	cleave	packages/binding-core/src/decorators.ts	getParentModelName	435	packages/binding-core/src/5_emit-rust.tsx	False	False	False	packages/binding-core/src/5_emit-rust.tsx;packages/binding-core/src/decorators.ts		ts	fn	@hafley/typespec-binding-core	28
hafley-tsp	monorepo	cleave	packages/binding-core/src/5_emit-rust.tsx	emitHttpRouter	23689	packages/binding-core/src/decorators.ts	False	False	False	packages/binding-core/src/5_emit-rust.tsx;packages/binding-core/src/decorators.ts		ts	fn	@hafley/typespec-binding-core	28
hafley-tsp	monorepo	cleave	packages/binding-core/src/6_emit-go.tsx	goType	1217	packages/asyncapi/dist/src/0_types.d.ts	False	True	False	packages/asyncapi/dist/src/0_types.d.ts;packages/binding-core/src/6_emit-go.tsx		ts	fn	@hafley/typespec-binding-core	28
hafley-tsp	monorepo	cleave	packages/binding-core/src/6_emit-go.tsx	pascalCase	1408	packages/asyncapi/dist/src/0_types.d.ts	False	True	False	packages/asyncapi/dist/src/0_types.d.ts;packages/binding-core/src/6_emit-go.tsx		ts	fn	@hafley/typespec-binding-core	28
hafley-tsp	monorepo	cleave	packages/binding-core/src/6_emit-go.tsx	goName	1697	packages/asyncapi/dist/src/0_types.d.ts	False	True	False	packages/asyncapi/dist/src/0_types.d.ts;packages/binding-core/src/6_emit-go.tsx		ts	fn	@hafley/typespec-binding-core	28
hafley-tsp	monorepo	cleave	packages/binding-core/src/6_emit-go.tsx	goFieldType	1845	packages/asyncapi/dist/src/0_types.d.ts	False	True	False	packages/asyncapi/dist/src/0_types.d.ts;packages/binding-core/src/6_emit-go.tsx		ts	fn	@hafley/typespec-binding-core	28
hafley-tsp	monorepo	cleave	packages/binding-core/src/6_emit-go.tsx	dbTag	1982	packages/asyncapi/dist/src/0_types.d.ts	False	True	False	packages/asyncapi/dist/src/0_types.d.ts;packages/binding-core/src/6_emit-go.tsx		ts	fn	@hafley/typespec-binding-core	28
