run	metric	value	unit
ts7_lsp	compiler_version	7.0.2	version
ts7_lsp	oracle_version	5.9.3	version
ts7_lsp	fixture_cases	25	cases
ts7_lsp	fixture_oracle_matches	23	cases
ts7_lsp	fixture_expected_abstentions	2	cases
ts7_lsp	truth_targets	51	targets
ts7_lsp	targets_renamed	51	targets
ts7_lsp	targets_abstained	0	targets
ts7_lsp	typecheck_equal_baseline	50	targets
ts7_lsp	typecheck_mismatch_targets	1	targets
ts7_lsp	typecheck_mismatch_symbol	ambientDeclaration	symbol
ts7_lsp	diff_isolated	48	targets
ts7_lsp	diff_unisolated	3	targets
ts7_lsp	truth_files	200	files
ts7_lsp	found_truth_files	196	files
ts7_lsp	slow_rename_file_recall	0.980000	ratio
ts7_lsp	truth_sites	1415	sites
ts7_lsp	found_truth_sites	1407	sites
ts7_lsp	slow_rename_site_recall	0.994346	ratio
ts7_lsp	command_wall_total	7.987	seconds
