target	repo	mode	wall_ms	exit
vite-01	vite	cold	491.236	0
vite-01	vite	warm_daemon	462.221	0
vite-02	vite	cold	489.736	0
vite-02	vite	warm_daemon	460.067	0
vite-03	vite	cold	469.359	0
vite-03	vite	warm_daemon	461.552	0
vite-04	vite	cold	465.091	0
vite-04	vite	warm_daemon	452.821	0
vite-05	vite	cold	552.051	0
vite-05	vite	warm_daemon	534.091	0
vite-06	vite	cold	551.233	0
vite-06	vite	warm_daemon	501.651	0
vite-07	vite	cold	536.362	0
vite-07	vite	warm_daemon	499.780	0
vite-08	vite	cold	577.080	0
vite-08	vite	warm_daemon	519.852	0
vite-09	vite	cold	524.307	0
vite-09	vite	warm_daemon	478.215	0
vite-10	vite	cold	592.431	0
vite-10	vite	warm_daemon	548.017	0
cg-01	codegraph-src	cold	2669.934	0
cg-01	codegraph-src	warm_daemon	2251.880	0
cg-02	codegraph-src	cold	2007.469	0
cg-02	codegraph-src	warm_daemon	1115.503	0
cg-03	codegraph-src	cold	2136.753	0
cg-03	codegraph-src	warm_daemon	1058.404	0
cg-04	codegraph-src	cold	1694.083	0
cg-04	codegraph-src	warm_daemon	884.584	0
cg-05	codegraph-src	cold	1661.386	0
cg-05	codegraph-src	warm_daemon	858.613	0
cg-06	codegraph-src	cold	1770.939	0
cg-06	codegraph-src	warm_daemon	897.615	0
cg-07	codegraph-src	cold	1722.536	0
cg-07	codegraph-src	warm_daemon	916.969	0
cg-08	codegraph-src	cold	2773.646	0
cg-08	codegraph-src	warm_daemon	1846.025	0
cg-09	codegraph-src	cold	1901.982	0
cg-09	codegraph-src	warm_daemon	1064.756	0
cg-10	codegraph-src	cold	1962.282	0
cg-10	codegraph-src	warm_daemon	1168.233	0
