defect	target	tsserver_pass	ryi_before_pass	ryi_after_pass	ryi_slow_pass
declaration	vite-02	1	0	1	1
declaration	vite-03	1	0	1	1
declaration	vite-09	1	0	1	1
declaration	cg-02	1	0	1	1
declaration	cg-03	1	0	1	1
declaration	cg-05	1	0	1	1
declaration	cg-08	1	0	1	1
declaration	cg-10	1	0	1	1
destination_export	vite-01	0	0	0	0
destination_export	vite-04	0	0	0	0
destination_export	vite-10	1	0	1	1
destination_export	cg-09	1	0	1	1
import_kind	vite-06	0	0	1	1
import_kind	cg-04	1	0	1	1
import_kind	cg-06	1	0	1	1
moved_dependencies	vite-01	0	0	0	0
moved_dependencies	vite-08	1	0	1	1
corrupt_edit	cg-07	1	0	1	1
unused_import	cg-01	1	0	1	1
unused_import	vite-10	1	0	1	1
