1	046787245a5ab8621c7fd073d22dcb2ac8b00ae65d66cc5b25abe810c3ff0bf1
2	6a32dafd96d15de2364a753a3305215c89be1d33b763caa377e46fd058834c7e
3	b59811be1d9cb54fc338b034cf54c2c7d15933cd0ab366dcf3d215433a48ca88
4	cabbdeff504bd97d1b3e7914abd16cfff620c59162c4553afd48f8db0528411d
5	7d5c3e05ee0cb2220cb5efbb9e5acdd3e16a2faf77010069da6cca8282343043
6	b8d7184db7dc38c96e1b0906c0a733c677f007d27d8d76ee9def83f743661d01
7	84d885aa97964444b8b4dc1fde909b11fabb07fce9fb2e936f1615eccdf12448
8	c8660235987a1593969269b97007bb4ca65902ac916e905c4e9fa42d7fb58888
9	386f3585bd784629f2fac7947c7b3b504dc561843c561e00d1b77c4781bf9e91
17	19e534e1cc5f8fe98c5a666e3052448e7b0733e960ca850c6ba8061963772e7e
18	63d130189b429bf411ad1a19d32e7084b894962c0006a0b29b4ff9eaefe1088b
19	9ac7ba8235b9e603269c239f1510d8ea089eb5b7f501110c01423a88c5a03775
20	e84b2787a44a74c2cbf6cf145b79e0fbd978d7e7b7ee54675f688c2224602199
21	7e9fe47d77ef6c5d332c45652a0cee19cc446a373b9ed74c70df3fe83a8b0314
22	6b8dbc2e80e82ce90c8caf227eea5c41172a11a8af6244d898f394c5bbbc8b9a
23	7c13921f03834b273bc3034ba8aed17c63ee10a6006372c24b1ee2c79d59a30b
24	4c7c1f7ed7e3b8a940c423258b57584ce6b0902581c74e353a96bcf51b3c0ae7
25	ecb47b87ff707cd460460bd5f5afdb6722fe6750cdb4ec4a728640a9f3fb0cc8
26	34e92fa7eaa03851eb7e6a139ef70a0cea42da2d3aa5863ea227201386046f9d
27	0116451698346732e5dd24a47e41c16d5e35e1f85cc76121531cf8228a1907ad
28	cba26dbcae4eb1c65e91490794d1a84eb76d6b656a5b375f80c3a679b0085ddb
29	3692a2949cd5d2e884f4d2ddedf778e5e97f7ec108e9a2251dd43a3cc121de28
30	4de18a4706b9a2dcc7973c4e45c8e16f0a88d787ff8ec05911b45d6973262dc4
31	50f9e674841b24e5ff23378fa6210ac8fe8c1e2ddd292ef1b46ba668fbe04dbd
32	ba1c557e29e723efd8e64275be3e30331493135d9a9df604fa16f8c2cbd56795
33	4c64778968811c356473f5f059a76423cb2038609203c3f0909df795801dc5ef
34	627d8e2f53afb8da51c19e68ecde1f675a945d4b6d08ee030f6a421cde7e7e36
35	a9ee18db2fa76da28ac8ac9c51b7a4534e0e49b46aa268f88d30b41ec8416c8d
36	5b670d89b461a7567de5bd1c01c577dfa61a7e6cad23d101adb365253764491c
37	959686aa73ca62f76158cc9ef27e3a8ee0fc256dce9114b9da9fe7a439a39b0b
38	dd095e8822216bc1e6c087457a8835bfb9f75381a0936c7d58564f193b90a1bb
39	04cc8be7698868cd72bf3f9998b2c6cde065a896b9ca1f1a49e1ae0b354338ef
40	b17b858d9e0955e44222077a0c8602331b772927adc2146765988c5d6c2b2f7b
42	467e18586b0bf49544ecd413be822cf288f83a8408568ee6d23f85f93bfbf499
43	807dd1815a9e047b4da7bdf9131d2c871dc3d808ab18accf318f1e66baa81c1d
44	640f37ad121a707e833d4f659ff1e9f7d00ec685e3541028084c256ac90e364d
45	8c61da31b9bba3a6efb5ceb0b9b361837559a5700d48a004c2ea0b34b76bbd7d
46	066e976ec9c37d140270e8b6b2d49ac71fa920dbc7c743ec8e87694ff5b92555
47	ab09de6a4dcf1f2fa29238a1b4a10d9a91bd78edac33a0d3115e634f993ae16d
48	f10cafc708295f5d097d12c5a9526428b700584ae0fb198e65debb3efdfcdbc5
49	f4220ccd74f9f98d3794d148526254f612576549ac1e77e83f6af87b7810b975
50	7f295563abc1321d751fc7dbc2b0330b71832796bc0d4be0fc2ace7ca382aedf
51	9a1da61ad2e5296802a574d10ed6bf68debfd5d24d7e3ef2712825958cccada7
52	60f05a1000dc1381e45b9d62b6cf53ff09f405457f52fac31a4aba3bf89c8f72
53	5825878ad717c5fa5793d6a238df2c5f1273faf91bf0751844d4a5a2b5405b5f
54	b5772ee91e365e72fed5af5eb8de4e33ba14e24b47b7864a9d29682eb220b6ad
55	e9c49e5c652957d886e1c48c4be86b2d1f78b81cf8e0d31d922a07a464a810b6
56	6801a2615f8ca0b61cfac3c8c65937a80a170be480e101bae8f71e91744248be
57	622e819ab28fd5b88abbdce37d83034d75d4021e0eefdb897280d286f00875e7
58	7dd99192f62dbc624a753e4d2bde2ade040847be5006ccc0e05d58ffc5af0b98
59	37cbe830bcc17ed5d946cf1f64709baf814e7f646837c07d372b04e32f8e23e7
60	f71689216614f734da15c97ef70170a38f0b2fc258e322e8105e8ed95573b1ba
61	20f5f17d65c03f1c5bfa8a78be557ce8a2f484fcb031c274f98bbf45609a245b
62	c8975601d98af1c5bb6b0f0fa77941f2c3bf9f273343b6d4319dd0e3cdd27fd6
63	081c6ba8c70ba5b7bde85b5b7a722a328fb6cc29a496ab0bc603be710ad38290
64	22045c73155dc2d999402d9e01fdf5daf03fb1a6a5643670d15c573dc75702c2
65	5909d335838018f93b54fee886cf8ef6ee7c7f3892008dcc86f8a408b1d19963
66	a0faf4ec7b7152d230b5f93de2c3f9c0572d97ce5d8c31ba699b611ffb7d6d79
67	3b4528e97614aa42a26a6f61dc2c91d86f57c92f6f8026c6b2cb81ffdbfe8808
68	c456339819757235fc12f564d56676c8a81379bc5059f696edc72693657afe6a
69	0ca502ab9d5aa7e02cccbae1de3b7509b29388dfc1b308b11de755523ba407d1
70	1b20dc173dda8096b926c7fcb22a33e5f8b7e608f71b35608fef39de5a137335
71	6ba842d5cbcd7d27ab8312987cc1c633428437bd663dd18d9fb387b1a28c8d4a
72	9fc764fd578fb32047e0771b3c6d12954c36f85a9e881ec0fe27283d0b4d8f13
73	6e8729fcd9119c3faaf3e18fead70d01cf9b5c43c4dcc8b0c23db390ecbc5d62
74	da4a4894870ecc7924b6ad256aa7807f5259fef00671621d841151d966c83702
75	62f7a438f78fa7109f8816b17cdcad60418d8e8e247e8a3647d8012114c47d91
76	ab3602a496e60a25f37e5fffc540412622f007b2ec678fb41bdd7ed511222de0
77	a68e36378b2fdd5d84b03ad03d8099f5e3ec2a7f0e969f811216aa77419b1876
78	42113c7c4c34632aca735311921fdef13be17f06503425c0fd1056ccd37314e7
79	f94cda117ec6535332e6734c87563175cefaae11a2f35930de366f3745b381b0
81	83a3916766e3f023b1876484e6d02b56e335312e1d6baa32bd329168263da37e
82	c17caf10a35d2d939805889eebd6005b08727b89b7d3aaae76f3f1273c9435aa
83	d4b5643a651cd7f4e95d669ebe321651a75e159dc5f055ab8340256df834c035
84	5e8cf3d8c919e6ac242422f583c086a582417c7d510ab58368cfd7acfcd328cf
85	0c6029b26ec9ff4821d7ae7f4c980001a80fd957294589549f150c6a3731d8ba
86	6a13e73eaf7150bf6c598a612fb9a98ab569b98bb9ce52430a4a079eb2e15cce
87	1f4aaf4eea76860cc47eba0ff86dcae268f434be0b67bc5006d8f97c677f603c
88	0e0db38d4c51e92272f7b141a6cb5c8e91645e9ddc1180d7ceae798cebb8025d
89	c202834a6113a34fe0c3ec65c93b5f0fc52441d4babec8b0bdf34d0e5b86d78d
90	ba468e4c61f6822a2c2ffa72f73f661816d860e43c4a512c1eee2a94a6949aed
91	3a25c69f78c8ca30611e504867fb435d92da3c8b3baf7ca839a3a013f5fdffcf
92	c8826713efb0e675f2949a1ec95a9589f6a4607382dcc7756eae0f01c05fc5ac
93	c65c0271a7dea4aebbbd79161f7f8bb2cda62f7ae6e660692179e4b8352fb534
95	9d613e166432fd997b5b22e1d050bedf349fb79b9c85cf8e056113393a5e2a3c
96	2465278d9ed0f63f742d09628500a4643d4aeac41b03898feea440c98387d828
97	e3b73bffe1b75fa0bb5bccf482d32e87ae25b6a7ed824de2a236dbf004ee8422
98	2f6565b4f4ff9df4f150e0ca1ee6f2dc8fd27aa333cd0a4d531d614d0882edae
99	60398205076808fe17adc8d9437dd66346047296756c8c95a73daa140a009153
100	803a532e7c3a9a3ee7680ec5fe6a0483e56646cdf05ec12d6b0513f20c0a9a22
101	bc93afe295166cdfd392faa8633f3910a2c73441c1c0748a723a8a77a1827fa5
102	399356b7d856f7e68d96844ed98f97c590155180d499c36cb6134830fa314015
103	d771fee0a5562662cb7b482c9bc01b3b4cb8c64899f3825c9eaf61d04e3eefa8
106	62a5157d76753889b92326f4677ed856f105dd341109cd0cc1be5e5e98ab6906
107	4b2ea5cbd554c48b47b70c25da75e5f8c034f31165d71c4b360e23d94b740809
108	547d540613d4784b1a2fa16a5d3514c8094f33c25185daecae870e6226a0e88a
109	e6e082112ab934edcc807bf10fe0de12e449843f2ff754eac11866ec04476066
110	4130d73e8a0d7c72a05ac13c33f5dcc8d17fedda04bd228fe5950bfff4f03249
111	4f59e05e410463fbe58d04fc25d94e0fecfda9140e4a05799903024d3a3c412e
112	c8f194c8b8339cb9d3d53a7582b811bfaf31c4844c6565d38a78f502719fa8ce
113	f28fb984db29ed2dd7e32dd0ee188acd9c43325d2d67913f79eeed67a923a5dd
114	3fda2d4a29cd60c05599f8a270d7a1dbd83168b0cf618ba670c96ab0162912a6
115	3a55177bebb46ff82932dabef62eabe00bdccc34694e685c1ba5d8ba18fa65c5
116	df0a3cdd7cf1094d79b3cb2c03b42929d47bb25d691df27f37582f1c2dd7b88f
117	1fe66920ae71aff9ae2f81088b3b63c396ff26f447a7e4db66d9e92b63b46a5e
118	008d7433e3e4d6618ef3d3dd4945d46739dc338c2a743a04944aa5ee1641325a
119	bdb1331307c280640b7c95aa6517cbc95d61d982bd181ddee9f3d7f6633d7911
120	3b56d8b246a00bab81bc32e676fff1bc07b5c36c3451dc277557f3410ce19379
121	73b910023e4a18af11481067b7758d7118d254100fd1a4f6efe83b787d72f774
122	60983d58d72721151653eddba58b5e64be55bc636534bddaf28b901c20e61815
123	8cef259e3e8200f0ce5eceff4128952caca6ea30572d19c71168005e8d169321
124	eee20dc93ebc6217bac30f5489e3ecd4b526b194d03cdba5990ee637939e81b6
125	5c3f60ee734c04ee03704c32664d3c5fb2ab679d9503836bbbcfc80806234e83
126	f241be00a3d62940ca44ec3d5b46ed4939b857e6a3a3db671d639ac794c693b2
127	d27cb55f2de08228c33e32027d90ad547b4ed9a8d3caecc1b0f98b559cce7e54
128	5f5de93f5307d5af66db7ca25396553392368bf4cb8158f293c60ba1e405bc21
129	bbc6308d00b40dbc8a677776349b41dd92e7c3fef6203a792b02a477b32cd595
130	4587a891c65ebf540251f11fcb8674b9f1cafee0976cbe9a44deb3c04e021101
131	62ffcdcc5a15f714c84281f144cf629a0167e9b14d163db4ab8532904926a906
132	fb61c132200df2d40814413c5126df0ce2074b3f51aacdbddf0871831f6b5239
133	48c99af1c0ea5c284594fe1719136711c9afa7a51ddf2c5e5bf536634b7c3d8d
134	39014b14aaa90a4e00c3225870629da76beedc81751ba8290ff07eb1030ad928
135	91bab786daec0886f769b443495a6a3ba85d90813021733af170393443db2dd4
136	1c3dd1b978553829cf6ff559bb01ca157264b379648c760464eafe86f1ef0df2
137	9c45036cd34bb7710064578facabe41c839c7df9353dc94caee2ff9565f3d5e0
138	69af90223ca5330a8cc6b704aac4eea37a5146fd9ecf39a71f40b02d3d19946c
139	03d53c4dcbef56c2644efbe3b4edc87037f91a2eacc4945e0d22c6e5f3a0f602
140	6aa4653492f658dcdcd7f30d0f7951c26b24676d3663110f2636a9020debc736
141	43d658c784684dad230664ccc67fe69c150a5d3598189d3e2906b197c917b4b9
142	99285ddf843a86920431407e22f818f09784e3b88a5f4a92966aad0bf53f2835
143	0bcb1ed86a609bc756d612c95e408e99cde299c2cdd2abfea8b6daff486f7b28
144	bff58ea73a57dbfab9d265b3ecf65dac430c274e70ea7519ddd6b854a0b1bb76
145	2de22d143b9801f7f19f3524920636fceb0b05e0a1787f9b796466b9500189e6
146	534cbe6806a008d1f31000335ee5f2bb1188de30287497183f28da5a7a2abbf9
147	34d9628c10900d5aad9d6e53c97a3e57f42aef2114eff1c48b6c587ef593a382
148	6a7b431d8d0de71814974c6a9a01f11cbfa12a330803d11f35eaa28098c2ec22
149	af0553e9db71e8beb8237d951315035159bce3c7874915dc9a23f8ec0aa7ce61
150	ca40c802a584afe2b2bb4ca432de580c7d982ff9f278c594c96df31c3a77b374
151	77a1d4ac38674d8678136ee4b4da0aa54841007bed59aa5f26a595d34c3a4182
152	df62eeb23beadee4836c99d3b004aba2b4657d7cafd897326f0f169b7ccceb5e
153	8cc3f76e24d02ebcee04fb3ba6630d5642630ecc985e57c0ace57b22f3cf50cd
154	a565b4445d93209b7fa00f3560c15d76f2a8e78410d9ba89889721dd3d85ed08
155	8944b33cac8668cff5fc9807f9d644a6953f874784afbf036168821e9d557515
156	432993313280480a6a3fa939493d793b4954e2ff6c557df43371324b0bb3cbd8
157	ee86ff06acb239e6614ca38d4af40cc3d7a1b083f5551a6d038ee737df5298f2
158	b5cab00cd627c49b920a72b63bc1c07352e3ccecde201a047acc94acb538c745
159	93730bfe16781633d3173b9a0676e17b7f9a272bf91c36d826e623ade648b28a
160	2da8ece115e20c1dcf299bba03992b6787817aefb28bdea7c906c5c3b8c6c5ee
161	45bb7cb15f17d2a1d60780b3296e25af14667b6b3fa4f2d4983c1c212217a8a3
162	2d944e354662d073c281a2a472c57ebc32ffd6bf3927b54dd34b94623a8677ce
163	5424f417791bde4dc9daa2bd553940b971e5649d2ea12da2b6373412bdb0efac
164	b55c545041418eddbf6ad9892847e55a4bdbb075acd45f37c31bcd9b39754376
165	94d6bd2c4844bb6d445c60615b3bba7be6d85df0d2bfc889d18b651f31b6d4ca
166	4b3ab2d5e3bdb9a8e058236b4f1595797f88ed108dcb2c6a89180a208eee644a
167	7581a1f6f74aba8d3d3d23afd54033815f1b241d8586a833b4dac70ea77b0f01
168	ab5ad7747a93d72878b63061b89c5c2395a393b80be3953b21c287a7aff94ab9
169	d19a93397bfa90d088be1c6edda4d7a2ecb4d4cee61efc1b95bcb17d6be34328
170	40fcaa16913aa2d4c0d0723cb0ca87e5c4ee713d53b9f53e353d7f471cc19c54
171	94381538780d830b03b8756237ea41436a41bc9dc21539d99e359b052b129a59
172	62778e560e701d2e163eaeac0d62012b7cac71997c31664dbe504cd80bd50e56
173	02e833eb9c28c74382714629675a365a4aa367cadf0aa58b7a3e44ab3bee358e
174	2164ba085dae5b1c576c03b34d13694e93414a5d0e5bcc687e18203007e0f307
175	c9943051ad0c6f342dc35ee5397356f4e8e21f7e18b888fdc43c1ef621173cab
176	c22a47b080d96130f7809228919ec8a9dc09bf760b1a3950cfff5a8c03029e37
177	5c6d1c6aa956fca50581336fb61924bb372f3cb4f808b3ca2a531a7579f42ffb
178	e20fa63763ac734d10134544e8159ff6db96cfdd7a57b28675223d99bfd66dc3
179	c7f239815276630a18a611bbb18bac735f9883f75c02c3be9d8477c89167392e
180	e8f47caffbe1d24e73240e7d419c4485fdb92eb5119833778bc2d9436ad91a25
181	fda9b788dd4e8ec4a43d310c2dd88f4cc19d7cc5396d3a6bcba6cf35181f4482
182	f2dce0528112a82fb52db3401e7a83970db1b2e8b6f33f27fe8019c575935348
183	48c794a6dab6a11e23f0306a0508d4d697c753752e9eeedae89b0c90faaa7180
184	ffbe82517123afe4f1ef874a39373271ce008dac4f40d16b1e21998db43a1e7d
185	b460c9f1645f0bc12fdf990b33eecd26ee4291a14ae9c47e14005c3370ea532e
186	ac2088ac429354e704dec724a1274756763fb623c1849ff419f42280e4482847
187	da6d7b5f2ec9c418103ee0df02828c4daccb1947a810ab0eaa15f21ba3140566
188	55b1c487fcbe9d25e8cd3feb08645e2540b77cca3b598e8a2ccb598dc83dcbec
189	b00c40ffab0ecbfe3d0c8203e4153315bc39579f3ee11efb6bf4c02ef7ee934e
190	2f890ff9fd321d03a6295e2f61ea09b83df34f8ea3a2619c0432646778cf0113
191	c74afb86a83f12fd6ea476ab5ea0b9624be9216c6c1edc312dc20382240b7945
192	fd39b878021483d18dff0c4c23d0fc2c1a7810570a9cf5e18ce436060f9e037e
193	0149d2a8786eb0e563947d621e67176ea2149ee81720f3b019b27a10b8dcbf48
194	1cac39300808a7e0c28e5647d2ec4fb48d9571535be65da9a0e58fee62e29845
195	21ba459888482618c41608f8d793eaab1db9a7d1035d67c89aa92c5aee3741f4
196	bbf4af86c7ec9d89f38ce2d6d8a33cd9b469d27211d641001648d985823202cc
197	78de2aa2c8a19280e51df92c2c16c421735519514cda508cbb03bca9c269960e
198	cdeadef560a89bdf9fb9eace1193c32941effc84ef348739b44bf04b29f6a8d8
199	c7a6e5500049c838c5179125238e953df11b15bdaa0d9d38a5f637717ad3e0d4
200	7edb764069bfbde406fcc67ab9fc144d7e9495b68aad4a6d1bb700a0a9945d66
201	5efb96a5a816de6cd10eeafc44c153947385348a244878998a35dcaeb0ede90a
202	369847486de5644a81e3ac5e608886645879572354a4e10874789f9dc069777d
203	77b5c7801c8698b525de2c48558072836e63bf22d3a7bdd1e56701f186f2db82
204	fdbd95800756e6a3264974d1a790a7123bb1a63eea759c9942c391021cb4cb25
205	7fb4aed2e2514acc48a70e85959bf52729a4f420ab33d6a37bb130add30f2e42
206	2a033201c4fb719e5cf46e5bcb104203b33d0623e7817b20de58e08c8bf95543
207	829799595428e516b38efbad255c107ce62721ff3c1e9de2825fd236406addf5
208	9dcc52eed514d6a9191a60ba6e91c6c1faed7e2ecb8a40039452b3b06bf7d40f
209	cfe2da6f3302f68c85da14fe43bbe6feebab5da14ba3ba0b2a02934ed4eb21bd
210	74ec871275dc8f5bad0d34b95e46cbf24f218489ceaa9a1445cf2c4299c263d1
211	455de858e07b8c9d2c971f3f52550bcf0777fb7f678afcb838ea6bb435493d38
212	0dc9821526b814ca990b271bca99be05368802c255b19ec1f10b42b1f3cb38f5
213	02c881cc2f78ddfbe4832ca532466bac9ab834f6ae00660d8d813619b2176711
214	c2a1778f0d1a7bb151803006e40d9e2201f260b4f760aed32d14cb2b3e92182a
216	5795f92b75be7e8b8086e39dbd14f7908b973e3c1398e25ed54c8fbe2a038655
217	413daffe8780248371437af626899c59262052eaf90221360ac57121afa7b1ea
218	c9c3920d4b3f8e627c875c48b12b6a49e812876d3534dd85a7c30c8c3de8bb6b
220	ab02f06b521ba09c4ff953e31a24b9c46dfa45e0bd06f07af323968e5d867701
221	2e5f1718e238766b6f382a2bdc0bc5d704f5e06134459de9bf703a4ee45716f0
222	bb468dfe63497ad5f8ea6879dceafff6f79901d1515594299ff26ff6998dfd53
223	537830ce788082941498bb5e44ff5d24d5e14fbaf65b6423f1a35a485fab896c
224	bb9a34234c6c2e9115d3d269de1ccf6c2834618294feeb2d5d1f3ded6b19d2e1
225	b22ca37edbaafda3925b8803aaeb90d040da0be2f09cd56488613b9d3ab370cc
226	5162c0b6e70ea152d8c3f4d6a15f69a936820ec066c6e5f3df8775c83f2949b0
227	e448584d3848d18b8d4d395722212476a1eb4d901bdc3dedd6d2b6a1bb98157d
228	1b865d155977e6fd362ddd75043e8231cc6730121ce8cff3ea6f747d679f8228
229	f15f832017a31f45552964f2a9c4351f8b2bf036fb090a9fc2aaecc0bc279418
230	5a5ad73dcafebfe4ae6aa1501def7f37432382e7c107656a2babfe31157fcfba
231	f96da67690f38ffd4e8e4bf2976aae126298c036f85bdd8c6a04acfea4e12c8b
232	d39eff6d3759b40dd7cf67891029e04cec60d453e000eb18f88165917e53e49b
233	6484ec9a2970440cc880683261d0142b77a3569160cec637f354e4fd5e3cfbfc
234	1997d048fdf6a8f2c5554950dd1a3aa2f6fc9f4f3cfd36c7ab401dab7f11dac2
235	9e994c5c1bc2c79aa8de7664bf432bca5cd5f8df954fb7e32af915607c93532c
236	9082e164038dfcf61c579c572b3937fea72103719e9d277560481d11d081cf37
237	9f62e7841210f78a81cb41cc83afac534e13d81bb4b6035297f444c0f612a9a9
238	5efc64608f26b70c84fab3e37ba676de140e1d03188f3aea0c0c4a1a99987eed
239	19e9a9aeb7496b9831bb17dff9bd13224b495f3bf1564621435094d6603fb066
240	44901dc5445b11d2ab02b19f9224fb36bcfac687ce85b6ebd11ca5e07bb11522
241	64ca1336e7f258e1a808b718bf2b81c264b52ff1796e5400e29e5a885c1f431b
242	a51097be5d9065ecc47f3e02063e2259f27b0c254d7b113018f82dc9afb543a1
243	6aa45fbf9468c356ac796329b06eb8ea3d78b01c41850ccb06c6dfc9bcad7463
244	1ef0995bccf0c5da6b9c2309f036ff9bded3d0e39eae0f3d5d9a0c12ed4f8cf9
245	1fe4ed1206aa7f23de2dc8eaa2b8c3c6070cb81760677401b5d4ac6cb177209b
246	d5f96db8a13cd16ea48ff91e87e93df56acdca787cb4a0402297af04a24cf23c
247	d93cc4a164492d48ae88720f246e9053662b193ae187831eea9ead294467ed1f
248	7f44045126203890df0d94668dad461d626faf7c88ee6e4f06d25746c349297e
249	1cf5d497710ff5e08fbb829f13070a77ce7d050b9010bd766d108ef0c2dbbd11
250	5ec054f4f9f3623338cafac08f86ba8ea94c935a59fc5e263a005ee32c5fed67
251	5c4dde5a521f2258caaf599dc63e0e0bb7e211ab3e6647b37db6922e8781622e
252	6293c3cc5f8b56dc85a314add945fee4f2e6dc14837a45037371c93054e66df0
253	f9659f868c0c270df2aa682f196ef2d48fe693978bbed72f1210ef1893adea13
254	58fb852dda99943b65f7f3fc07eccf0d5a472036c172e370fbf6126721c75470
255	a84a7991e31d77a89adfcae88f82ae778f1533d7d29951ad6c709b9582bee255
256	a0e2914b7e7cf460aa4b18cbdd5a3712b6224f1a89464868b0200bf965e2153e
257	00680f5da4b6447e4fb028665e14a365b77185bc52b66ab020f8aed177094d78
258	ba88e6b87fc63618287d2550bfa077e86f14b5468ade0dae2b1cc3e22d2dc651
259	c7778855880763a3a8a1ed8e94068df0725d75cff6442feadcc9e93b33fda09d
260	2840307558252d8a9fc45c2df7ba13e8c9b7bb77d3638b6158ff8e54dc21a328
261	5f8cea231f89ee1dd821b18e5e5c7d38d32eb676b9764cfcb00c90f2afa02c3d
262	4d751c9e927a602ecf578b718afe3ad46dee8e34e177ed11accd0e62c874b6b7
263	baa2c826369ae0af36def46c753f4afcdfd99c916a1e2305bbe66d7725ede5b0
264	e93042c57717fc7ea3b472f25bbd952f07be580e3a4dc02e1fb0c80402d4f4c8
265	3f774efa5c219890826d732b3e0e6c1c7874e1a6135e66bce81814b465fae736
266	94d9494c52ccb944a46da01148c9e453903630a5953db1b5df965babfefab605
267	339e3c002c88bdfe9325f0d8e3cee2a0277d5058d9838788af801e3c5ddb46a1
268	493c21eb714df6a9a1b4ad07658a150fa7d3fc4bcf73549f24a1a94c729f5ef1
269	c7a7fc1ee0596f136757a58d1c731b435eb32975d30b1f4a014108cd4e58caa3
270	9e707e4aad28d45c412cbead5fe94a18c8bcc2d288e80b905f81a2a5f62b857f
271	b5a1bc2f28c98570c2a4b202e7cc0f8d9246da4b3e2261c576c082fa7dda4301
272	c697bcb93b774f0c8a203f18178a75dd0f1a015356c7f0c7ad37e73d0b832449
273	da5d76e510cf10a44df9cee515ece4469e92fe0beaf1c692ef674fd685d5a10e
274	d1b78776c0d0d3955f0665841ac10392fc7cfd93553acad0f2c86d365841ee96
275	0fbe28f5fad6a6d84eab1f1251f9d301f9d7d7628a5564c4c9f9e2843c393416
276	667fc7b6a83a0956eff1c65548714aa9dfc6e0d88292d1043a8b7d55ca01396b
277	cdae15ccfa6d65d82bcb74d19f5d4c3bf3aa7a3069113fc6d6fcbb94cfa230e6
278	a0a96dcdf4e3eb01780c3cfcb01ee2f6093eae457c785c572905ca1e23362963
279	27c0c1a6997e4d541da045e38a670d959d955f8afafd5c8722eed0a2174a6766
280	0436cf08a50e610c66545301537faade4b0f13ffed9bbfc801559d22e3439676
281	08033e8d61d6a3d8d665ba46114304bc72c798e2e9ef8fc4f92b7e2b90a3fe0d
282	5849660f8cd0a06c103723a997a95acb4b2dbd0b49c6d6982011547e51ed1fac
283	0c57bcf34edad72c778b76eb019f3884c468e006de255881d66174ef23ab3a9b
284	f086c5b26d7082007f40ed3bc2f590687b0d218175b2a171b2785a241d22b9fa
285	e66377bb582f473725eea6f457f182358004dc51cce865682c8ea8a84814c76d
286	d1be76d84483e3cec4b8839920b021b1a0a9571b79cb96b692d2a3b90640f76e
287	816cdb761f38fc5882c765971d27a4e1c072a3ed6aa0a08cb84b12907688f1cc
288	69f6d05640a1f0db4b6189223f343cc9692d64045ad139414ec05bcbc1ff7801
289	fcd903063dff4104e774ea4dcb2dec37ce61c78295c4ffbc5d367fca9dc187d8
290	a64b8d3ab6aeffc83e95dc0abf8a7123882b13ce4f15893e6530f17f461ff795
291	58830b30db979b76a7b786c8609294184d8ce0c03b807422a1363cd85c2087ee
292	dc82815e0523adc4e1b4f4511e2be586b2be99a27e2d85a7c2293c7b759125fe
293	7cb7926541b9122ee8e6b70dd371b5056ddce8d7169b8b8bfbd7e91e7785723a
294	e25bb65cc3b4d1ab7b40203a9b7e789c9aca5f33503315e3a36601934906c358
295	65b54012ed83a58654deae7d26b5c54ce103b33167218dd7bb0f7c1da773fe9c
296	8431946767afe98db109a7332677924dd18988153dda23ec77904e39060525db
297	4488c8064c193dd59e197970cc153856e907ea6966304530005acc9f46936889
298	f4d08cb96351839d6e0819ce70c278de45ea91511a5e8d5a115caab2e0005c0e
299	866ec32ca1b07a0b82048fc40072cda451848748951429b63f0034e209a53338
300	06de82be2becca0fead26a0328a962878d1516167e9371584137cb958c1deab3
301	655d23e5b12dd09de4810c367ac9b4ba63737db90ce2d9def0b2d051ec7e39c3
302	7f2f3026ed15d791bf1b18a58912d01a838b0dddf65e6180e6148879d6beda72
303	6a3884fe55e9b5631afc86a014a866c59179060b114b7678571b715fe6e9d68a
304	110b4436c7657ab3970337be2a34aa73e142d7ce71c82cb0d59950eee6fadaff
305	71b0c1e7c2586d6562d6debed90ee8e8b9c23b18d2adec79338d4f368e85b93c
306	1066606f89dcebc6e9d80bc6181dd9f0c2ff6f1852428d8a5c96bd2088fa05f2
307	516ff172d57df60c22ab8bd39473930d948b57e7e53fc2d259cd26f4a15245af
308	6bf185edc9c96749b2dda4a928283e52923980e2aff413c0fef2163866b1368c
309	8380f8395f902ecd183bd4e85ecbf264bf5062118ec6b1fae25651d685243149
310	b1752ca01a55b33df064616167e4c8187f3c17468b861184fe98352c0e502e4c
311	d422534aecaf4e64da29b55e8667d144cd594b7a6b6fa5a251e92f920a362080
312	8c2fa330d8f2e80708b6e6a442f25026a20376cc650d30070d27f134185a6d0d
313	790cad3986dedad60d0ca2ffd77e3d7f2eb5251dd00e7719a6d3a0d576411544
314	3252607a071c5ad8a3121cf231fb83d7fa7bad37d0de97418197db3eb4405213
315	c3a1806d01a221e3f6470166394835ab66689d855ce24a9f947df5a59fca86ec
316	b4c443fcd9d48eea95bd8601e593ef5483500436afb454b9b81aa70956b453ed
317	bceb26740316a948c7341be1eacf536426f4248c891be984c2ce17a8ce28c3b8
