binary	corpus	query	exit_code	wall_seconds	peak_rss_bytes	db_bytes	capture_rows	edge_rows	node_rows	result_rows	error
e3fe2f57	hafley-rs-crates	plain_calls	0	18.53	1090715648	2446852096	262396	3337853	3339107	131198	
e3fe2f57	hafley-rs-crates	ancestor_fn	0	205.70	2226503680	2455044096	275820	3337853	3339107	130764	
e3fe2f57	hafley-rs-crates	ancestor_each	0	31.05	2076229632	2467102720	289244	3337853	3339107	130997	
e3fe2f57	hafley-rs-crates	has_return	-9	300.00							wall timeout 300s
e3fe2f57	hafley-rs-crates	parent_stmt	-9	300.01							wall timeout 300s
e3fe2f57	hafley-rs-crates	precedes_neighbor	0	19.63	1349566464	2328363008	111259	3337853	3339107	15190	
e3fe2f57	hafley-rs-crates	nth_of	0	17.88	1610104832	2318008320	98550	3337853	3339107	6955	
e3fe2f57	hafley-rs-crates	nested3_each	-9	300.00							wall timeout 300s
e3fe2f57	hafley-rxjs-packages	plain_calls	0	13.41	854867968	1676935168	138838	1971181	1972674	69419	
e3fe2f57	hafley-rxjs-packages	ancestor_fn	0	95.84	1492910080	1663500288	141485	1971181	1972674	23694	
e3fe2f57	hafley-rxjs-packages	ancestor_each	0	16.41	1419755520	1665925120	144132	1971181	1972674	24358	
e3fe2f57	hafley-rxjs-packages	has_return	0	94.55	1194950656	1566375936	14061	1971181	1972674	2467	
e3fe2f57	hafley-rxjs-packages	parent_stmt	0	89.21	1188429824	1683095552	164069	1971181	1972674	18841	
e3fe2f57	hafley-rxjs-packages	precedes_neighbor	0	13.76	778190848	1600978944	68959	1971181	1972674	5034	
e3fe2f57	hafley-rxjs-packages	nth_of	0	11.89	1340309504	1598095360	65592	1971181	1972674	4226	
e3fe2f57	hafley-rxjs-packages	nested3_each	0	42.03	1839710208	2254110720	418601	1971181	1972674	49172	
f02798a5	hafley-rs-crates	plain_calls	0	17.72	1650442240	2447376384	262444	3338297	3339551	131222	
f02798a5	hafley-rs-crates	ancestor_fn	0	26.72	2690269184	2455437312	275869	3338297	3339551	130788	
f02798a5	hafley-rs-crates	ancestor_each	0	22.72	2365341696	2467495936	289294	3338297	3339551	131021	
f02798a5	hafley-rs-crates	has_return	0	30.29	2936406016	2303393792	43206	3338297	3339551	1635	
f02798a5	hafley-rs-crates	parent_stmt	0	16.75	1749286912	2452815872	308008	3338297	3339551	12254	
f02798a5	hafley-rs-crates	precedes_neighbor	0	15.46	1705459712	2328559616	111274	3338297	3339551	15193	
f02798a5	hafley-rs-crates	nth_of	0	16.63	1706180608	2318204928	98565	3338297	3339551	6956	
f02798a5	hafley-rs-crates	nested3_each	0	230.05	3144351744	3064791040	943255	3338297	3339551	44082	
f02798a5	hafley-rxjs-packages	plain_calls	0	11.05	1610924032	1676935168	138838	1971181	1972674	69419	
f02798a5	hafley-rxjs-packages	ancestor_fn	0	17.14	2218442752	1663500288	141485	1971181	1972674	23694	
f02798a5	hafley-rxjs-packages	ancestor_each	0	14.60	1946812416	1665925120	144132	1971181	1972674	24358	
f02798a5	hafley-rxjs-packages	has_return	0	15.70	2122956800	1566375936	14061	1971181	1972674	2467	
f02798a5	hafley-rxjs-packages	parent_stmt	0	11.39	1717944320	1683095552	164069	1971181	1972674	18841	
f02798a5	hafley-rxjs-packages	precedes_neighbor	0	10.86	1546846208	1600978944	68959	1971181	1972674	5034	
f02798a5	hafley-rxjs-packages	nth_of	0	11.52	1578909696	1598095360	65592	1971181	1972674	4226	
f02798a5	hafley-rxjs-packages	nested3_each	0	56.06	3401744384	2254110720	418601	1971181	1972674	49172	
