lang	category	plane	anchor
rust	collision	call	new
rust	collision	call	push
rust	collision	call	node_text
rust	collision	call	lookup
rust	collision	call	df_edge
rust	collision	call	span
rust	trait_method	call	to_owned
rust	trait_method	call	build
rust	trait_method	call	parse
rust	trait_method	call	resolve
rust	generic	call	extend
rust	generic	call	text
rust	generic	call	corpus_defs
rust	generic	call	get
rust	reexport	call	Span
rust	reexport	call	NodeRef
rust	reexport	call	parse_rust_file
rust	single	call	iter
rust	single	call	into_iter
rust	single	call	node_span
rust	single	call	io_path
rust	single	call	len
rust	collision_path	call	crates/hafley_scm/src/atoms.rs#new
rust	collision_path	call	crates/hafley_scm/src/lang/rust/11_df_syntax_rows.rs#push
rust	collision_path	call	crates/hafley_scm/src/lang/rust/17_tree_entity_rows.rs#node_text
rust	collision_path	call	crates/hafley_scm/src/atoms.rs#lookup
rust	collision_path	call	crates/hafley_scm/src/lang/rust/11_df_syntax_rows.rs#df_edge
rust	collision_path	call	crates/hafley_scm/src/lang/rust/11_df_syntax_rows.rs#span
rust	type_collision	type	Span
rust	type_collision	type	Strings
rust	type_collision	type	NodeRef
rust	type_single	type	String
rust	type_single	type	Vec
rust	type_single	type	FamilyBundle
ts	collision	call	f
ts	collision	call	at
ts	collision	call	mount
ts	collision	call	row
ts	collision	call	render
ts	collision	call	event
ts	overload	call	Signal
ts	overload	call	formatDuration
ts	overload	call	tree
ts	default_export	call	StreamdownBody
ts	default_export	call	MarkdownTable
ts	barrel	call	mdDocument
ts	barrel	call	ident
ts	barrel	call	key
ts	jsx_component	call	G
ts	jsx_component	call	Section
ts	jsx_component	call	TreeTable
ts	generic	call	grid
ts	generic	call	el
ts	generic	call	withEpics
ts	single	call	getObject
ts	single	call	selectorFor
ts	single	call	waitFor
ts	single	call	runWhenInView
ts	single	call	boot
ts	collision_path	call	packages/gothic/src/lib/1_geom.ts#f
ts	collision_path	call	packages/boop-xterm/src/2_turnLocate.test.ts#at
ts	collision_path	call	packages/gothic/src/pages/3_border.tsx#mount
ts	collision_path	call	packages/boop-adapters/src/lib/window.test.ts#row
ts	collision_path	call	packages/boop-xterm/src/8g_diagramOverlay.ts#render
ts	collision_path	call	packages/boop-xterm/src/4_viewport.ts#event
ts	type_collision	type	T
ts	type_collision	type	Signal
ts	type_collision	type	TRow
ts	type_single	type	GraphId
ts	type_single	type	RowId
ts	type_single	type	ColId
