label	language	query	files	corpus_sha256	exit	seconds	rows	rows_sha256	error
before	rust	ancestor_fn	1504	2b93ae2ce3549170da6bf683485e1c40e520877cd0dd62778d5e90721560a00e	0	8.954	130963	1ec2485b40b1aa77935606e7ecfb45ba23dfe86f5fab2a48d9ba740a73fb5771	""
before	rust	ancestor_each	1504	2b93ae2ce3549170da6bf683485e1c40e520877cd0dd62778d5e90721560a00e	0	7.550	131230	74d4f23abc39b0d904a1b17875718067867d546aa13f3362db78c3e58e221e27	""
before	rust	nested3_each	1504	2b93ae2ce3549170da6bf683485e1c40e520877cd0dd62778d5e90721560a00e	0	10.714	45240	dfc8f9c7dfcb0e4aefd25d62d02a0d156ef30b9ea3bd1e4823621d8ca2062cd5	""
before	ts	ancestor_fn	1519	394c8f855284b4406be898cbdc518cfde58aff0cc24e953cf262b22f13d5fc5f	0	4.181	23694	a2b478af15fd3648d45f8587d2a1ddd1897a6dd902ec3f7d4fa1e743efc78d55	""
before	ts	ancestor_each	1519	394c8f855284b4406be898cbdc518cfde58aff0cc24e953cf262b22f13d5fc5f	0	3.968	24358	d013297207307b86c144614ed36b364e7b8d94cee755796764969d617f62a7e4	""
before	ts	nested3_each	1519	394c8f855284b4406be898cbdc518cfde58aff0cc24e953cf262b22f13d5fc5f	0	10.154	49172	ba5619c8a26f8a0a97c53223dff39d6cb3b29bb0dd5bb38b1f0b2b0f6dca1c42	""
before	rust	deep5_first	1	06e7a55bf524bf6cedeb9cf637f5a8792a8e671300c99ce1e380dfa96ec0ea01	0	0.153	196	ed5eec9c54fea2e89d67dfd6d08151035fa28c5e084bc6a9beee56e9c98be2b7	""
before	rust	deep20_first	1	06e7a55bf524bf6cedeb9cf637f5a8792a8e671300c99ce1e380dfa96ec0ea01	3	10.018	0	e3b0c44298fc1c149afbf4c8996fb92427ae41e4649b934ca495991b7852b855	"query: query exceeded 10s"
before	rust	deep5_each	1	06e7a55bf524bf6cedeb9cf637f5a8792a8e671300c99ce1e380dfa96ec0ea01	3	13.442	0	e3b0c44298fc1c149afbf4c8996fb92427ae41e4649b934ca495991b7852b855	"query: query exceeded 10s"
after	rust	ancestor_fn	1504	2b93ae2ce3549170da6bf683485e1c40e520877cd0dd62778d5e90721560a00e	0	8.025	130963	1ec2485b40b1aa77935606e7ecfb45ba23dfe86f5fab2a48d9ba740a73fb5771	""
after	rust	ancestor_each	1504	2b93ae2ce3549170da6bf683485e1c40e520877cd0dd62778d5e90721560a00e	0	7.936	131230	74d4f23abc39b0d904a1b17875718067867d546aa13f3362db78c3e58e221e27	""
after	rust	nested3_each	1504	2b93ae2ce3549170da6bf683485e1c40e520877cd0dd62778d5e90721560a00e	0	12.131	45240	dfc8f9c7dfcb0e4aefd25d62d02a0d156ef30b9ea3bd1e4823621d8ca2062cd5	""
after	ts	ancestor_fn	1519	394c8f855284b4406be898cbdc518cfde58aff0cc24e953cf262b22f13d5fc5f	0	4.607	23694	a2b478af15fd3648d45f8587d2a1ddd1897a6dd902ec3f7d4fa1e743efc78d55	""
after	ts	ancestor_each	1519	394c8f855284b4406be898cbdc518cfde58aff0cc24e953cf262b22f13d5fc5f	0	4.082	24358	d013297207307b86c144614ed36b364e7b8d94cee755796764969d617f62a7e4	""
after	ts	nested3_each	1519	394c8f855284b4406be898cbdc518cfde58aff0cc24e953cf262b22f13d5fc5f	0	11.231	49172	ba5619c8a26f8a0a97c53223dff39d6cb3b29bb0dd5bb38b1f0b2b0f6dca1c42	""
after	rust	deep5_first	1	06e7a55bf524bf6cedeb9cf637f5a8792a8e671300c99ce1e380dfa96ec0ea01	0	0.122	196	ed5eec9c54fea2e89d67dfd6d08151035fa28c5e084bc6a9beee56e9c98be2b7	""
after	rust	deep20_first	1	06e7a55bf524bf6cedeb9cf637f5a8792a8e671300c99ce1e380dfa96ec0ea01	3	10.021	0	e3b0c44298fc1c149afbf4c8996fb92427ae41e4649b934ca495991b7852b855	"query: query exceeded 10s"
after	rust	deep5_each	1	06e7a55bf524bf6cedeb9cf637f5a8792a8e671300c99ce1e380dfa96ec0ea01	3	13.288	0	e3b0c44298fc1c149afbf4c8996fb92427ae41e4649b934ca495991b7852b855	"query: query exceeded 10s"
